,PNW_BH1,WRF Centroid Actual
2016-08-02 00:00:00,0.0,2.194500001108333
2016-08-02 01:00:00,0.074388318561741,2.8761250121916664
2016-08-02 02:00:00,1.0511198519009,6.184500121916667
2016-08-02 03:00:00,2.9311541600827,24.039749999999998
2016-08-02 04:00:00,21.497847040341,74.363625
2016-08-02 05:00:00,74.747085030543,20.332375000000003
2016-08-02 06:00:00,93.646134005048,63.69037544333333
2016-08-02 07:00:00,116.41959134869,74.363625
2016-08-02 08:00:00,120.95439903633,36.59162444583333
2016-08-02 09:00:00,136.95569390111,54.3637503325
2016-08-02 10:00:00,177.8669234613,136.175375
2016-08-02 11:00:00,160.76245852593,162.575875
2016-08-02 12:00:00,190.15072471765,165.46862500000003
2016-08-02 13:00:00,182.86221256195,168.61075
2016-08-02 14:00:00,164.65119390411,162.35975
2016-08-02 15:00:00,190.04929512315,155.97575
2016-08-02 16:00:00,157.87362075057,163.22424999999998
2016-08-02 17:00:00,158.23090012103,167.09787500000002
2016-08-02 18:00:00,183.73471093357,167.18099999999998
2016-08-02 19:00:00,189.17049226833,166.632375
2016-08-02 20:00:00,191.62814092236,167.1145
2016-08-02 21:00:00,200.12420908747,166.898375
2016-08-02 22:00:00,198.60698710207,167.06462499999998
2016-08-02 23:00:00,197.66106293857,164.22175000000001
2016-08-03 00:00:00,191.59368080685,165.967375
2016-08-03 01:00:00,192.74750613046,165.186
2016-08-03 02:00:00,183.00018548375,164.57087499999997
2016-08-03 03:00:00,174.61340738912,154.92837500000002
2016-08-03 04:00:00,125.82502374351,152.98325044333333
2016-08-03 05:00:00,102.38563891294,49.392875000000004
2016-08-03 06:00:00,107.24295405502,58.204124335
2016-08-03 07:00:00,87.81306647974,98.91875
2016-08-03 08:00:00,52.987635645787,41.728750221666665
2016-08-03 09:00:00,31.886740721575,29.010625443333332
2016-08-03 10:00:00,49.659328692514,13.233499977833334
2016-08-03 11:00:00,31.834695901949,12.518625
2016-08-03 12:00:00,30.440313163888,21.413
2016-08-03 13:00:00,12.098805078762,12.801249933500001
2016-08-03 14:00:00,9.7415119851088,7.18199996675
2016-08-03 15:00:00,7.6085974810577,2.0116250055416667
2016-08-03 16:00:00,0.0,0.0
2016-08-03 17:00:00,3.0963617971232,0.0
2016-08-03 18:00:00,4.3639135019861,0.0
2016-08-03 19:00:00,6.4627266175281,0.0
2016-08-03 20:00:00,6.916346088395,0.0
2016-08-03 21:00:00,2.9077024822357,0.0
2016-08-03 22:00:00,3.0533440244473,0.016625001108333336
2016-08-03 23:00:00,1.5147897373263,2.75975
2016-08-04 00:00:00,0.0,0.44887499999999997
2016-08-04 01:00:00,0.0,0.0
2016-08-04 02:00:00,2.9963613849027,0.0
2016-08-04 03:00:00,1.4611568701346,0.0
2016-08-04 04:00:00,0.0,0.39899999224166666
2016-08-04 05:00:00,0.0,0.0
2016-08-04 06:00:00,0.0,14.380624889166667
2016-08-04 07:00:00,0.0,72.4018746675
2016-08-04 08:00:00,0.0,76.99037499999999
2016-08-04 09:00:00,0.0,73.39937544333334
2016-08-04 10:00:00,0.0,34.71299966749999
2016-08-04 11:00:00,0.047310044759548,13.432999944583333
2016-08-04 12:00:00,4.7982273800148,9.476249999999999
2016-08-04 13:00:00,1.1864076274992,14.363999722916665
2016-08-04 14:00:00,0.0,10.590125
2016-08-04 15:00:00,0.0,4.787999999999999
2016-08-04 16:00:00,0.0,1.5793750221666665
2016-08-04 17:00:00,0.0,4.039874988916667
2016-08-04 18:00:00,0.0,6.417249999999999
2016-08-04 19:00:00,6.262705823729,5.602624977833334
2016-08-04 20:00:00,13.627144589793,3.7406249778333334
2016-08-04 21:00:00,14.106661765447,2.5602500011083333
2016-08-04 22:00:00,15.209301613302,1.6624999911333331
2016-08-04 23:00:00,13.46564297939,2.3940000399
2016-08-05 00:00:00,13.856971557773,2.8262500000000004
2016-08-05 01:00:00,17.339012419206,2.876125017733333
2016-08-05 02:00:00,17.73025313403,4.006625022166666
2016-08-05 03:00:00,2.6282954623826,0.9143750110833333
2016-08-05 04:00:00,0.0,10.274250133
2016-08-05 05:00:00,0.0,20.91425
2016-08-05 06:00:00,0.0,41.36299988916667
2016-08-05 07:00:00,0.0,46.38374977833333
2016-08-05 08:00:00,0.0,15.527749955666666
2016-08-05 09:00:00,0.0,1.6292500476583331
2016-08-05 10:00:00,0.0,0.0
2016-08-05 11:00:00,0.0,9.476249890275001
2016-08-05 12:00:00,0.0,8.029875
2016-08-05 13:00:00,0.0,0.0
2016-08-05 14:00:00,0.0,0.0
2016-08-05 15:00:00,0.0,0.0
2016-08-05 16:00:00,0.0,0.0
2016-08-05 17:00:00,0.51653081981777,0.0
2016-08-05 18:00:00,8.833018587393,1.3965000144083333
2016-08-05 19:00:00,15.089777178001,8.362375
2016-08-05 20:00:00,12.690899222163,20.26587511083333
2016-08-05 21:00:00,32.455110855258,44.85424988916667
2016-08-05 22:00:00,69.767012186768,69.825
2016-08-05 23:00:00,102.747924642,92.850625
2016-08-06 00:00:00,115.5342312432,112.119001995
2016-08-06 01:00:00,127.39161624137,133.94762488916666
2016-08-06 02:00:00,112.44017297038,147.08137499999998
2016-08-06 03:00:00,149.24725050027,151.769625
2016-08-06 04:00:00,144.39531285481,147.97912610833333
2016-08-06 05:00:00,147.95090991619,83.307875
2016-08-06 06:00:00,154.62339819114,83.09175
2016-08-06 07:00:00,136.61430684469,92.05262499999999
2016-08-06 08:00:00,147.11177146665,88.07925
2016-08-06 09:00:00,145.51728452209,26.1178746675
2016-08-06 10:00:00,110.85731575947,0.0
2016-08-06 11:00:00,68.203291865108,0.0
2016-08-06 12:00:00,22.126348367775,0.63175
2016-08-06 13:00:00,55.223761081725,1.2967500221666666
2016-08-06 14:00:00,89.044644639116,0.33249998891666666
2016-08-06 15:00:00,64.896482596045,0.9143749922416667
2016-08-06 16:00:00,29.414783138127,12.535250254916665
2016-08-06 17:00:00,14.014216657647,45.668875554166675
2016-08-06 18:00:00,6.4256377891009,65.93475033249999
2016-08-06 19:00:00,17.699639221846,82.642875
2016-08-06 20:00:00,33.172777372535,68.77762444583334
2016-08-06 21:00:00,70.742557532824,65.5523753325
2016-08-06 22:00:00,84.209699863863,70.0411253325
2016-08-06 23:00:00,99.406442028094,86.566375
2016-08-07 00:00:00,129.0316858782,111.52049811583333
2016-08-07 01:00:00,129.89412997449,123.5071253325
2016-08-07 02:00:00,84.096396443643,101.36262522166666
2016-08-07 03:00:00,92.239928363164,104.87050033250001
2016-08-07 04:00:00,102.01192140783,144.055625
2016-08-07 05:00:00,97.631103540947,119.25112433499999
2016-08-07 06:00:00,121.20574716692,93.71512610833332
2016-08-07 07:00:00,127.18712902524,40.897499778333334
2016-08-07 08:00:00,132.70858679207,49.60899944583334
2016-08-07 09:00:00,160.80917507776,77.655375
2016-08-07 10:00:00,185.14280720119,83.258
2016-08-07 11:00:00,157.83581321499,90.73924889166666
2016-08-07 12:00:00,76.853921464523,145.53525
2016-08-07 13:00:00,88.377462122195,147.5635
2016-08-07 14:00:00,80.113113732474,150.173625
2016-08-07 15:00:00,85.80779598844,146.682375
2016-08-07 16:00:00,136.35945748162,163.972375
2016-08-07 17:00:00,99.974713820506,165.235875
2016-08-07 18:00:00,174.47839300292,165.40212499999998
2016-08-07 19:00:00,162.10059992999,163.98899999999998
2016-08-07 20:00:00,185.17460238586,166.88175
2016-08-07 21:00:00,186.11401220524,167.41375
2016-08-07 22:00:00,193.65595803993,168.128625
2016-08-07 23:00:00,193.12113840439,167.74625
2016-08-08 00:00:00,193.55026444822,168.261625
2016-08-08 01:00:00,192.36420310112,168.7105
2016-08-08 02:00:00,194.23214021752,168.062125
2016-08-08 03:00:00,184.11586687891,166.233375
2016-08-08 04:00:00,179.20304496396,166.41625
2016-08-08 05:00:00,184.1873430766,155.90925000000001
2016-08-08 06:00:00,180.73386850082,155.19437499999998
2016-08-08 07:00:00,102.13044639685,160.132
2016-08-08 08:00:00,124.3415592237,160.4645
2016-08-08 09:00:00,118.83464841525,166.117
2016-08-08 10:00:00,136.39628449749,162.35975
2016-08-08 11:00:00,112.37681881579,135.3108753325
2016-08-08 12:00:00,112.00413427144,136.8570007758333
2016-08-08 13:00:00,132.04861471081,136.82374955666666
2016-08-08 14:00:00,79.676830864798,93.56550033249998
2016-08-08 15:00:00,90.425135008046,55.14512511083334
2016-08-08 16:00:00,62.571140365691,50.323874999999994
2016-08-08 17:00:00,74.044022687954,41.545875
2016-08-08 18:00:00,65.899251695788,61.811749778333336
2016-08-08 19:00:00,65.971206241215,87.54725
2016-08-08 20:00:00,82.565570359891,96.99024955666667
2016-08-08 21:00:00,93.964134291936,97.92125011083334
2016-08-08 22:00:00,99.731713346786,84.82074999999999
2016-08-08 23:00:00,77.483803806832,83.0585
2016-08-09 00:00:00,78.509323431503,72.002875
2016-08-09 01:00:00,45.93157862965,66.4168746675
2016-08-09 02:00:00,54.545527743267,24.338999889166665
2016-08-09 03:00:00,32.052252972104,46.01800044333333
2016-08-09 04:00:00,64.040735174981,17.871874889166666
2016-08-09 05:00:00,11.896446912933,87.630375
2016-08-09 06:00:00,37.454078762397,75.02862411333334
2016-08-09 07:00:00,31.809445709334,80.49825033249999
2016-08-09 08:00:00,1.2520406702295,13.399750088666668
2016-08-09 09:00:00,4.2433685319249,8.179500088666666
2016-08-09 10:00:00,0.0,7.5643750443333335
2016-08-09 11:00:00,18.628905299593,5.3698750332500005
2016-08-09 12:00:00,17.280105024026,12.169500044333333
2016-08-09 13:00:00,12.100747866762,6.167875005541667
2016-08-09 14:00:00,14.759127690545,0.0
2016-08-09 15:00:00,18.929408692418,0.0
2016-08-09 16:00:00,12.935661837327,0.0
2016-08-09 17:00:00,25.402549111745,4.039875001108333
2016-08-09 18:00:00,7.9063180312483,4.123000011083334
2016-08-09 19:00:00,3.4764449798436,1.7456249944583333
2016-08-09 20:00:00,36.886394781394,6.683249999999999
2016-08-09 21:00:00,53.978076211057,12.119625110833335
2016-08-09 22:00:00,31.942970011225,15.112125121916666
2016-08-09 23:00:00,57.240774104266,25.120374778333332
2016-08-10 00:00:00,46.821792114807,34.846000000000004
2016-08-10 01:00:00,99.737547896095,79.23475
2016-08-10 02:00:00,99.354020648367,68.3952496675
2016-08-10 03:00:00,97.156561011252,105.53550044333333
2016-08-10 04:00:00,89.774858600774,88.7442496675
2016-08-10 05:00:00,64.289344980998,9.642499922416667
2016-08-10 06:00:00,25.833200494943,9.210250254916666
2016-08-10 07:00:00,31.221631723906,35.62737548766667
2016-08-10 08:00:00,22.142715964582,52.83424977833333
2016-08-10 09:00:00,24.6204891304,4.7215
2016-08-10 10:00:00,24.438740083503,0.049874999999999996
2016-08-10 11:00:00,19.02820469494,0.0
2016-08-10 12:00:00,18.099547165527,0.0
2016-08-10 13:00:00,16.634605916905,3.42475
2016-08-10 14:00:00,12.326856278861,15.361500144083335
2016-08-10 15:00:00,8.7784525104376,7.514500033249999
2016-08-10 16:00:00,0.0,1.213625
2016-08-10 17:00:00,0.0,0.0
2016-08-10 18:00:00,0.0,0.282625
2016-08-10 19:00:00,0.0,0.8146250188416666
2016-08-10 20:00:00,0.0,1.1305000177333333
2016-08-10 21:00:00,0.34332430945597,2.42725
2016-08-10 22:00:00,0.70512938707695,1.3798750144083332
2016-08-10 23:00:00,0.13953165171014,0.897750016625
2016-08-11 00:00:00,3.3583791108795,2.477124970075
2016-08-11 01:00:00,6.7638093640223,9.093875
2016-08-11 02:00:00,2.1913238241392,12.385624933499997
2016-08-11 03:00:00,0.0,7.680749881408334
2016-08-11 04:00:00,0.0,9.409750088666666
2016-08-11 05:00:00,2.393631121165,16.741374999999998
2016-08-11 06:00:00,0.0,144.388125
2016-08-11 07:00:00,0.0,158.90175
2016-08-11 08:00:00,3.8539042918899,151.8195
2016-08-11 09:00:00,0.0,115.82637677333334
2016-08-11 10:00:00,0.0,54.829250443333336
2016-08-11 11:00:00,0.0,15.494500110833334
2016-08-11 12:00:00,0.0,3.607624994458334
2016-08-11 13:00:00,0.0,0.0
2016-08-11 14:00:00,0.0,0.0
2016-08-11 15:00:00,,0.0
2016-08-11 16:00:00,,0.0
2016-08-11 17:00:00,,0.0
2016-08-11 18:00:00,,0.0
2016-08-11 19:00:00,,0.0
2016-08-11 20:00:00,,0.0
2016-08-11 21:00:00,,0.0
2016-08-11 22:00:00,,0.0
2016-08-11 23:00:00,,0.0
2016-08-12 00:00:00,0.066750260812205,0.0
2016-08-12 01:00:00,0.33343700987516,0.0
2016-08-12 02:00:00,,0.7647499922416667
2016-08-12 03:00:00,0.032178135851126,0.23275000332499998
2016-08-12 04:00:00,0.0,0.0
2016-08-12 05:00:00,0.0,0.0
2016-08-12 06:00:00,0.0,2.09475
2016-08-12 07:00:00,0.0,2.0448750310333335
2016-08-12 08:00:00,0.0,0.016625001108333336
2016-08-12 09:00:00,0.0,0.0
2016-08-12 10:00:00,0.0,0.0
2016-08-12 11:00:00,0.0,0.29924999999999996
2016-08-12 12:00:00,0.0,2.6267500343583334
2016-08-12 13:00:00,0.0,4.322500011083333
2016-08-12 14:00:00,0.0,4.9875
2016-08-12 15:00:00,0.0,2.9093749667499997
2016-08-12 16:00:00,0.0,0.0
2016-08-12 17:00:00,0.0,1.7123750554166666
2016-08-12 18:00:00,3.4793785841461,4.256
2016-08-12 19:00:00,1.3428477646411,4.9875
2016-08-12 20:00:00,3.6484781035302,4.22275003325
2016-08-12 21:00:00,4.5761369214515,4.139625033250001
2016-08-12 22:00:00,10.555246858847,3.4081251263500003
2016-08-12 23:00:00,13.026151434099,0.0
2016-08-13 00:00:00,11.711379792943,0.0
2016-08-13 01:00:00,14.863630641261,0.6816249944583334
2016-08-13 02:00:00,10.277848712544,3.6575000110833336
2016-08-13 03:00:00,0.0,7.032375000000001
2016-08-13 04:00:00,0.0,3.6907500775833335
2016-08-13 05:00:00,0.0,0.8478749889166666
2016-08-13 06:00:00,0.0,4.30587503325
2016-08-13 07:00:00,0.0,5.719000055416666
2016-08-13 08:00:00,0.0,4.9875
2016-08-13 09:00:00,0.0,5.087249988916667
2016-08-13 10:00:00,0.0,5.536125
2016-08-13 11:00:00,0.0,8.711500003325
2016-08-13 12:00:00,0.0,0.0
2016-08-13 13:00:00,0.0,0.0
2016-08-13 14:00:00,0.0,0.0
2016-08-13 15:00:00,0.0,0.0
2016-08-13 16:00:00,0.0,0.0
2016-08-13 17:00:00,0.0,0.0
2016-08-13 18:00:00,0.076247177613055,0.0
2016-08-13 19:00:00,1.4353539393575,0.0
2016-08-13 20:00:00,2.6815709587077,0.0
2016-08-13 21:00:00,4.8159574839732,0.0
2016-08-13 22:00:00,4.3295506601423,0.0
2016-08-13 23:00:00,22.072982199562,1.9617499999999999
2016-08-14 00:00:00,14.454944981867,3.424749988916667
2016-08-14 01:00:00,40.676242802377,13.482875110833334
2016-08-14 02:00:00,43.065972322022,12.169499999999998
2016-08-14 03:00:00,49.088516491112,30.357250110833334
2016-08-14 04:00:00,55.184893023869,16.54187483375
2016-08-14 05:00:00,57.122767844109,58.33712494458334
2016-08-14 06:00:00,53.772924880346,151.769625
2016-08-14 07:00:00,31.01576183565,144.920125
2016-08-14 08:00:00,24.362957981569,106.63275221666666
2016-08-14 09:00:00,18.126366829803,38.38712477833333
2016-08-14 10:00:00,31.919326787086,30.57337488916667
2016-08-14 11:00:00,20.188644834564,9.5926250665
2016-08-14 12:00:00,10.456404791238,2.8927500000000004
2016-08-14 13:00:00,11.051869007193,31.67062504433333
2016-08-14 14:00:00,5.7549920189928,78.17075
2016-08-14 15:00:00,0.0,17.439624977833333
2016-08-14 16:00:00,0.0,0.0
2016-08-14 17:00:00,0.0,0.0
2016-08-14 18:00:00,0.11527640357999,0.06650000554166667
2016-08-14 19:00:00,0.78786978922243,2.5270000886666666
2016-08-14 20:00:00,0.0,0.0
2016-08-14 21:00:00,3.2607625444525,0.016625001108333336
2016-08-14 22:00:00,0.0,0.033250003325
2016-08-14 23:00:00,0.42451555234121,6.001625136325
2016-08-15 00:00:00,2.9561147959174,20.24925
2016-08-15 01:00:00,71.862101791998,30.673125
2016-08-15 02:00:00,110.274440666,42.044624999999996
2016-08-15 03:00:00,70.93575840076,100.18224988916667
2016-08-15 04:00:00,65.388980691235,168.777
2016-08-15 05:00:00,55.464537981042,168.777
2016-08-15 06:00:00,53.621412635104,168.04549999999998
2016-08-15 07:00:00,45.46371231318,164.005625
2016-08-15 08:00:00,56.763956519967,141.7447496675
2016-08-15 09:00:00,32.568405219489,19.2185003325
2016-08-15 10:00:00,18.864018026314,3.3416249999999996
2016-08-15 11:00:00,12.363384508769,0.19950000665
2016-08-15 12:00:00,11.16061930497,0.0
2016-08-15 13:00:00,8.7172788421037,4.355750022166667
2016-08-15 14:00:00,2.9627491253333,1.31337500665
2016-08-15 15:00:00,0.0,0.0
2016-08-15 16:00:00,0.0,0.0
2016-08-15 17:00:00,0.0,0.0
2016-08-15 18:00:00,0.0,0.0
2016-08-15 19:00:00,0.0,0.0
2016-08-15 20:00:00,0.0,0.9642500343583333
2016-08-15 21:00:00,0.32961566041194,2.061500022166667
2016-08-15 22:00:00,4.2169122117636,1.2635000188416665
2016-08-15 23:00:00,6.8927471760066,3.1920000000000006
2016-08-16 00:00:00,18.601676176272,6.949249977833334
2016-08-16 01:00:00,27.549528721062,17.705625
2016-08-16 02:00:00,29.494298573666,31.820249999999998
2016-08-16 03:00:00,48.487296640571,65.3861246675
2016-08-16 04:00:00,90.494146283064,95.42749955666666
2016-08-16 05:00:00,84.279517369215,167.94574999999998
2016-08-16 06:00:00,57.784043283266,164.870125
2016-08-16 07:00:00,44.464764394859,147.1645
2016-08-16 08:00:00,42.091792173067,113.1663759975
2016-08-16 09:00:00,40.608137074168,42.975625
2016-08-16 10:00:00,45.763254820331,20.0165
2016-08-16 11:00:00,31.618057196476,18.553499944583333
2016-08-16 12:00:00,25.756138148548,3.0922500254916665
2016-08-16 13:00:00,14.970408771293,0.531999990025
2016-08-16 14:00:00,22.820997858528,0.0
2016-08-16 15:00:00,11.586672309998,0.0
2016-08-16 16:00:00,1.1348379590809,0.0
2016-08-16 17:00:00,0.0,0.0
2016-08-16 18:00:00,0.0,0.0
2016-08-16 19:00:00,0.0,0.8645000110833333
2016-08-16 20:00:00,0.26817611086166,0.0
2016-08-16 21:00:00,1.888025403465,0.0
2016-08-16 22:00:00,0.0,0.0
2016-08-16 23:00:00,0.0,0.0
2016-08-17 00:00:00,0.0,0.7647499889166668
2016-08-17 01:00:00,1.6849626310953,11.454625033249998
2016-08-17 02:00:00,26.384367482302,5.519500077583333
2016-08-17 03:00:00,77.231593499366,53.89824927404166
2016-08-17 04:00:00,102.40860026073,168.42787499999997
2016-08-17 05:00:00,98.847033586084,168.777
2016-08-17 06:00:00,54.110532071544,166.71550000000002
2016-08-17 07:00:00,77.179045102154,151.270875
2016-08-17 08:00:00,78.363169024212,111.437375
2016-08-17 09:00:00,50.63728718666,70.39025
2016-08-17 10:00:00,55.736718128743,9.044000011083334
2016-08-17 11:00:00,38.485030235057,4.0731250110833335
2016-08-17 12:00:00,21.389043430947,0.6151250277083333
2016-08-17 13:00:00,15.911899985816,0.41562499999999997
2016-08-17 14:00:00,17.767934959601,10.157875
2016-08-17 15:00:00,3.4494737040119,0.0
2016-08-17 16:00:00,0.0,0.0
2016-08-17 17:00:00,0.0,0.0
2016-08-17 18:00:00,0.0,0.0
2016-08-17 19:00:00,0.0,1.3965000277083333
2016-08-17 20:00:00,0.32593167372064,0.581875
2016-08-17 21:00:00,0.0,0.0
2016-08-17 22:00:00,0.70851990454952,0.0
2016-08-17 23:00:00,3.5626314280904,0.0
2016-08-18 00:00:00,3.3515156863943,0.0
2016-08-18 01:00:00,0.0,1.9783749889166666
2016-08-18 02:00:00,0.0,2.826249992241667
2016-08-18 03:00:00,0.0,5.22025003325
2016-08-18 04:00:00,15.622594487958,98.75249977833333
2016-08-18 05:00:00,10.128718953292,166.765375
2016-08-18 06:00:00,6.4169158022164,166.58249999999998
2016-08-18 07:00:00,0.0,166.16687499999998
2016-08-18 08:00:00,6.5130071563522,163.473625
2016-08-18 09:00:00,51.511780393738,165.701375
2016-08-18 10:00:00,74.289554953937,166.29987500000001
2016-08-18 11:00:00,106.67276209718,166.20012499999999
2016-08-18 12:00:00,75.921105241748,165.61825
2016-08-18 13:00:00,68.961707798567,156.7405
2016-08-18 14:00:00,65.546621302535,148.444625
2016-08-18 15:00:00,47.340837616378,126.99837555416666
2016-08-18 16:00:00,38.13308756676,80.2655
2016-08-18 17:00:00,26.659805488137,63.55737555416667
2016-08-18 18:00:00,10.336203783172,30.207624889166663
2016-08-18 19:00:00,2.4987351357791,9.659125055416666
2016-08-18 20:00:00,0.39831469895484,0.19949998891666665
2016-08-18 21:00:00,1.5768611696749,0.0
2016-08-18 22:00:00,2.0549512830528,0.0
2016-08-18 23:00:00,11.894192170032,0.0
2016-08-19 00:00:00,6.2672612694687,1.2136250121916667
2016-08-19 01:00:00,6.316931510017,11.421375055416666
2016-08-19 02:00:00,1.5102242016604,25.369750332499997
2016-08-19 03:00:00,0.0,80.23225110833333
2016-08-19 04:00:00,0.0,149.907625
2016-08-19 05:00:00,9.0985917977124,160.83024999999998
2016-08-19 06:00:00,9.9359393271985,167.34725
2016-08-19 07:00:00,125.73865116659,167.54675
2016-08-19 08:00:00,160.49223295894,168.7105
2016-08-19 09:00:00,175.70485240409,168.14524999999998
2016-08-19 10:00:00,154.44722259441,168.777
2016-08-19 11:00:00,125.299064756,168.777
2016-08-19 12:00:00,132.46290931123,168.777
2016-08-19 13:00:00,128.0835411025,168.777
2016-08-19 14:00:00,133.76940973346,168.777
2016-08-19 15:00:00,87.349673137395,166.133625
2016-08-19 16:00:00,50.956544350332,154.61249999999998
2016-08-19 17:00:00,52.242977747876,134.56275
2016-08-19 18:00:00,63.691683242124,104.57125
2016-08-19 19:00:00,60.250914612784,83.391
2016-08-19 20:00:00,40.656307676962,52.568250221666666
2016-08-19 21:00:00,44.647121631419,21.346499889166665
2016-08-19 22:00:00,39.231819125813,12.053125
2016-08-19 23:00:00,21.326400494441,13.732250110833334
2016-08-20 00:00:00,26.108323788133,18.63662488916667
2016-08-20 01:00:00,26.482913894561,25.752124778333332
2016-08-20 02:00:00,14.120770916677,28.761249889166663
2016-08-20 03:00:00,6.3930473878459,50.307249999999996
2016-08-20 04:00:00,0.59227709764381,76.874
2016-08-20 05:00:00,0.33789642716767,72.20237477833334
2016-08-20 06:00:00,4.5955248032627,52.501749556666674
2016-08-20 07:00:00,6.2399393319165,37.45612522166667
2016-08-20 08:00:00,3.4010049870879,33.133625110833336
2016-08-20 09:00:00,1.6524729174036,26.250875
2016-08-20 10:00:00,0.095362780204028,14.829499944583334
2016-08-20 11:00:00,0.15173516347878,12.734750011083335
2016-08-20 12:00:00,0.0,6.3839999999999995
2016-08-20 13:00:00,0.0,0.0
2016-08-20 14:00:00,,0.0
2016-08-20 15:00:00,0.0038105247701545,0.0
2016-08-20 16:00:00,0.17533317265369,0.0
2016-08-20 17:00:00,0.41568042135484,0.0
2016-08-20 18:00:00,1.8164423837204,0.0
2016-08-20 19:00:00,3.6766294088898,0.0
2016-08-20 20:00:00,3.482227957045,0.0
2016-08-20 21:00:00,5.3169134793624,0.0
2016-08-20 22:00:00,6.3115249126181,0.0
2016-08-20 23:00:00,6.9342210817701,0.0
2016-08-21 00:00:00,4.7992319242476,0.415625003325
2016-08-21 01:00:00,2.6915845070095,2.97587503325
2016-08-21 02:00:00,0.87346462431271,9.143749999999999
2016-08-21 03:00:00,0.42419628671209,8.246000011083334
2016-08-21 04:00:00,0.13907534473668,0.548625
2016-08-21 05:00:00,0.42241026683129,13.366499961208335
2016-08-21 06:00:00,5.2281008152664,62.360374335
2016-08-21 07:00:00,27.335924318726,53.349624445833335
2016-08-21 08:00:00,40.166907146548,23.8735
2016-08-21 09:00:00,18.190549642323,0.033250003325
2016-08-21 10:00:00,41.679225001609,3.906874988916667
2016-08-21 11:00:00,60.538622006941,37.239999999999995
2016-08-21 12:00:00,71.771513257671,99.5172496675
2016-08-21 13:00:00,92.544769540396,149.608375
2016-08-21 14:00:00,100.94478298795,167.81275
2016-08-21 15:00:00,92.531460079592,165.48524999999998
2016-08-21 16:00:00,115.45213901161,158.153625
2016-08-21 17:00:00,146.61242582484,163.39050000000003
2016-08-21 18:00:00,155.27959439119,162.3265
2016-08-21 19:00:00,150.71544473938,163.59
2016-08-21 20:00:00,156.85653368505,159.30075
2016-08-21 21:00:00,163.95677963326,162.95825
2016-08-21 22:00:00,176.70084845825,166.499375
2016-08-21 23:00:00,182.15506423554,166.798625
2016-08-22 00:00:00,174.52126067112,166.34975
2016-08-22 01:00:00,184.79434724776,166.233375
2016-08-22 02:00:00,179.17533826393,165.61825
2016-08-22 03:00:00,158.1051881047,167.86262499999998
2016-08-22 04:00:00,192.1390798942,165.269125
2016-08-22 05:00:00,188.05882480455,158.30325
2016-08-22 06:00:00,190.49195453594,100.04925000000001
2016-08-22 07:00:00,154.25162875611,61.013749778333334
2016-08-22 08:00:00,96.579895481467,4.721500132999999
2016-08-22 09:00:00,49.101188910579,0.19950000886666666
2016-08-22 10:00:00,36.636067162151,0.8312500221666668
2016-08-22 11:00:00,34.593670613166,8.379
2016-08-22 12:00:00,41.015697511878,7.880249988916666
2016-08-22 13:00:00,47.567910418613,0.0
2016-08-22 14:00:00,37.19550199064,0.0
2016-08-22 15:00:00,34.743560489954,0.0
2016-08-22 16:00:00,22.474831736406,0.0
2016-08-22 17:00:00,11.277533805535,0.0
2016-08-22 18:00:00,7.0123845797993,0.0
2016-08-22 19:00:00,3.4931520756447,0.23274999999999998
2016-08-22 20:00:00,0.94329319051257,3.0922500664999997
2016-08-22 21:00:00,5.3285688731248,7.032374988916667
2016-08-22 22:00:00,4.342654610957,1.047375
2016-08-22 23:00:00,1.0371635591078,1.9949999999999999
2016-08-23 00:00:00,,4.904375
2016-08-23 01:00:00,,1.845375
2016-08-23 02:00:00,,2.510375110833334
2016-08-23 03:00:00,,70.98874988916667
2016-08-23 04:00:00,,167.09787500000002
2016-08-23 05:00:00,,168.7105
2016-08-23 06:00:00,,167.314
2016-08-23 07:00:00,,165.269125
2016-08-23 08:00:00,,159.151125
2016-08-23 09:00:00,,140.04899955666664
2016-08-23 10:00:00,,111.47062411333333
2016-08-23 11:00:00,,56.9738753325
2016-08-23 12:00:00,,38.9025
2016-08-23 13:00:00,,17.256750221666667
2016-08-23 14:00:00,,12.452125221666666
2016-08-23 15:00:00,,3.1753750665000005
2016-08-23 16:00:00,,0.0
2016-08-23 17:00:00,,0.0
2016-08-23 18:00:00,,0.0
2016-08-23 19:00:00,,0.31587500886666664
2016-08-23 20:00:00,,0.16625000665
2016-08-23 21:00:00,,0.0
2016-08-23 22:00:00,,0.0
2016-08-23 23:00:00,,0.0
2016-08-24 00:00:00,8.0688289710222,0.7148750011083332
2016-08-24 01:00:00,3.2570068243488,0.21612500554166666
2016-08-24 02:00:00,1.1032627758217,0.0
2016-08-24 03:00:00,0.15142359378564,0.0
2016-08-24 04:00:00,,0.0
2016-08-24 05:00:00,0.0002764884703275,30.656500653916666
2016-08-24 06:00:00,0.71340307889794,156.00900000000001
2016-08-24 07:00:00,1.6937978361079,134.91187433500002
2016-08-24 08:00:00,1.4224275962388,122.11062610833334
2016-08-24 09:00:00,1.3706473266115,109.72500066500001
2016-08-24 10:00:00,29.356975649198,113.01674944583333
2016-08-24 11:00:00,60.194665486906,126.68249966750001
2016-08-24 12:00:00,78.429442637494,137.571875
2016-08-24 13:00:00,57.65401791732,139.99912500000002
2016-08-24 14:00:00,63.439987690166,135.1279983375
2016-08-24 15:00:00,32.527200677315,95.527249335
2016-08-24 16:00:00,76.863256014404,45.502625
2016-08-24 17:00:00,74.401744396483,26.899250221666666
2016-08-24 18:00:00,66.801342621713,18.237625
2016-08-24 19:00:00,59.200940846944,25.718875443333335
2016-08-24 20:00:00,51.600539072174,34.61325000000001
2016-08-24 21:00:00,44.000137297405,33.000625443333334
2016-08-24 22:00:00,36.399735522635,30.872624889166666
2016-08-24 23:00:00,50.116675620515,42.92575022166667
2016-08-25 00:00:00,32.895980254877,45.36962477833333
2016-08-25 01:00:00,29.20075885928,34.97899955666667
2016-08-25 02:00:00,21.960552736007,41.37962477833334
2016-08-25 03:00:00,15.107861998234,84.62125055416666
2016-08-25 04:00:00,11.55279449394,132.28512355916666
2016-08-25 05:00:00,17.535296302202,141.34575
2016-08-25 06:00:00,26.679250973453,152.301625
2016-08-25 07:00:00,36.8378540049,159.882625
2016-08-25 08:00:00,48.700648043257,154.230125
2016-08-25 09:00:00,30.509283634523,124.17212422416667
2016-08-25 10:00:00,22.550321657708,121.21287677333332
2016-08-25 11:00:00,28.02164238911,137.70487411333335
2016-08-25 12:00:00,20.103952780611,146.61587433500003
2016-08-25 13:00:00,10.205552472923,134.014124335
2016-08-25 14:00:00,4.8202728194963,127.29762378083333
2016-08-25 15:00:00,6.8346749491613,108.24537544333334
2016-08-25 16:00:00,6.2970786027666,33.41625011083333
2016-08-25 17:00:00,4.274052495845,2.743125
2016-08-25 18:00:00,10.386527985704,5.818750038791666
2016-08-25 19:00:00,29.816517299413,14.347375
2016-08-25 20:00:00,23.107662047912,23.60749955666667
2016-08-25 21:00:00,28.789648525311,23.790375
2016-08-25 22:00:00,25.303207166483,43.05874955666666
2016-08-25 23:00:00,18.634467188754,38.304000110833336
2016-08-26 00:00:00,18.609621964932,15.261750000000001
2016-08-26 01:00:00,22.239262855408,12.152875055416667
2016-08-26 02:00:00,19.703564344082,7.797125022166666
2016-08-26 03:00:00,13.229853674229,21.147000221666666
2016-08-26 04:00:00,8.2216928680439,33.06712511083333
2016-08-26 05:00:00,4.5773498376717,35.07874988916667
2016-08-26 06:00:00,0.99339141889689,18.75300017733333
2016-08-26 07:00:00,0.25548040401733,14.031500044333333
2016-08-26 08:00:00,0.068694379756577,41.96150022166666
2016-08-26 09:00:00,0.78522229997376,68.97712389166666
2016-08-26 10:00:00,1.80629332444,76.159124335
2016-08-26 11:00:00,1.2851030460271,43.158500000000004
2016-08-26 12:00:00,2.8053915326023,31.02225
2016-08-26 13:00:00,5.0100511624059,73.233125
2016-08-26 14:00:00,4.3649564111875,74.09762522166666
2016-08-26 15:00:00,1.4536524074196,25.1702500665
2016-08-26 16:00:00,0.42632707731886,2.3607500509833335
2016-08-26 17:00:00,1.3730813830186,0.0
2016-08-26 18:00:00,3.3027192885839,0.0
2016-08-26 19:00:00,2.3561552149562,0.9975000277083333
2016-08-26 20:00:00,3.2288793295718,0.9143750365750001
2016-08-26 21:00:00,5.1406493606144,0.7813749889166666
2016-08-26 22:00:00,5.7777364733586,1.512875003325
2016-08-26 23:00:00,5.8920499443889,0.0
2016-08-27 00:00:00,6.6200830103586,3.474625044333333
2016-08-27 01:00:00,11.857130143315,11.73725003325
2016-08-27 02:00:00,10.199966071843,21.595875
2016-08-27 03:00:00,2.3783902895032,23.90675
2016-08-27 04:00:00,0.68619226929639,34.014749889166666
2016-08-27 05:00:00,12.267818279046,6.383999984483333
2016-08-27 06:00:00,28.068808310974,16.19275
2016-08-27 07:00:00,22.818666380522,5.336625
2016-08-27 08:00:00,43.24481094065,8.129625177333335
2016-08-27 09:00:00,27.029535415414,23.790374778333334
2016-08-27 10:00:00,61.70850150849,47.51424955666667
2016-08-27 11:00:00,94.481136747755,135.16124955666666
2016-08-27 12:00:00,126.36222806986,127.23112588666666
2016-08-27 13:00:00,161.44154910615,166.915
2016-08-27 14:00:00,169.32357261659,166.8485
2016-08-27 15:00:00,137.10463491893,167.9125
2016-08-27 16:00:00,180.29404281374,167.9125
2016-08-27 17:00:00,186.88356336114,168.594125
2016-08-27 18:00:00,176.55367116769,166.68225
2016-08-27 19:00:00,169.92642347692,160.314875
2016-08-27 20:00:00,159.13964412196,155.67649999999998
2016-08-27 21:00:00,176.89162090353,156.42462500000002
2016-08-27 22:00:00,184.76022201577,154.4795
2016-08-27 23:00:00,148.46580383907,166.21675
2016-08-28 00:00:00,165.29895077863,165.3855
2016-08-28 01:00:00,187.4379677708,162.26
2016-08-28 02:00:00,184.71556294267,161.16275000000002
2016-08-28 03:00:00,192.53514901851,166.93162499999997
2016-08-28 04:00:00,190.16352037759,168.777
2016-08-28 05:00:00,193.14715502513,168.54425
2016-08-28 06:00:00,154.62808363939,163.440375
2016-08-28 07:00:00,80.906047727574,144.388125
2016-08-28 08:00:00,95.666116814572,149.891
2016-08-28 09:00:00,62.039375503296,152.05225000000002
2016-08-28 10:00:00,36.69224484723,158.26999999999998
2016-08-28 11:00:00,65.058171555644,138.61925
2016-08-28 12:00:00,21.25089693004,100.71425144083334
2016-08-28 13:00:00,6.3823455863923,23.507750221666665
2016-08-28 14:00:00,16.02462002249,5.369875011083334
2016-08-28 15:00:00,5.692289635431,0.0
2016-08-28 16:00:00,0.58960530052917,0.0
2016-08-28 17:00:00,0.072961859985068,1.2635000110833332
2016-08-28 18:00:00,3.1981028426936,11.820375
2016-08-28 19:00:00,14.759045608533,16.957500055416666
2016-08-28 20:00:00,42.577073394073,15.128749944583333
2016-08-28 21:00:00,45.463010885852,21.4795
2016-08-28 22:00:00,62.144908319934,31.720499889166668
2016-08-28 23:00:00,36.788158891724,32.71799988916667
2016-08-29 00:00:00,19.019002745197,26.35062511083333
2016-08-29 01:00:00,10.142950291619,16.076375044333332
2016-08-29 02:00:00,4.7442240315534,7.863625133
2016-08-29 03:00:00,7.0229932514777,2.5935000110833335
2016-08-29 04:00:00,7.1992540186313,0.0
2016-08-29 05:00:00,4.025856188125,1.9285000221666666
2016-08-29 06:00:00,2.7586225317205,5.852
2016-08-29 07:00:00,0.23406293298473,2.6101250144083337
2016-08-29 08:00:00,0.56182850473335,0.13300000775833332
2016-08-29 09:00:00,0.0,0.0
2016-08-29 10:00:00,0.0,2.177875027708333
2016-08-29 11:00:00,0.39975556756137,1.562749970075
2016-08-29 12:00:00,0.32723167619322,0.0
2016-08-29 13:00:00,0.0047666195753283,0.0
2016-08-29 14:00:00,0.0,0.0
2016-08-29 15:00:00,0.0086901924773933,0.0
2016-08-29 16:00:00,0.27077392025904,0.0
2016-08-29 17:00:00,0.46747932271821,0.0
2016-08-29 18:00:00,1.5530435467191,0.0
2016-08-29 19:00:00,1.8112695797363,0.0
2016-08-29 20:00:00,3.8662404563163,2.1280000254916667
2016-08-29 21:00:00,6.4371771267937,4.95425
2016-08-29 22:00:00,15.762116560663,10.374
2016-08-29 23:00:00,15.38309112117,27.281625221666665
