time_stamp,power
7/1/2018 5:00,0
7/1/2018 6:00,0
7/1/2018 7:00,0
7/1/2018 8:00,50
7/1/2018 9:00,55
7/1/2018 10:00,47
7/1/2018 11:00,56
7/1/2018 12:00,77
7/1/2018 13:00,79
7/1/2018 14:00,57
7/1/2018 15:00,44
7/1/2018 16:00,58
7/1/2018 17:00,65
7/1/2018 18:00,80
7/1/2018 19:00,89
7/1/2018 20:00,88
7/1/2018 21:00,81
7/1/2018 22:00,66
7/1/2018 23:00,97
7/2/2018 0:00,91
7/2/2018 1:00,89
7/2/2018 2:00,86
7/2/2018 3:00,71
7/2/2018 4:00,78
7/2/2018 5:00,82
7/2/2018 6:00,71
7/2/2018 7:00,58
7/2/2018 8:00,90
7/2/2018 9:00,102
7/2/2018 10:00,102
7/2/2018 11:00,97
7/2/2018 12:00,87
7/2/2018 13:00,82
7/2/2018 14:00,82
7/2/2018 15:00,89
7/2/2018 16:00,98
7/2/2018 17:00,100
7/2/2018 18:00,100
7/2/2018 19:00,99
7/2/2018 20:00,100
7/2/2018 21:00,99
7/2/2018 22:00,86
7/2/2018 23:00,90
7/3/2018 0:00,63
7/3/2018 1:00,35
7/3/2018 2:00,16
7/3/2018 3:00,13
7/3/2018 4:00,11
7/3/2018 5:00,4
7/3/2018 6:00,0
7/3/2018 7:00,0
7/3/2018 8:00,0
7/3/2018 9:00,0
7/3/2018 10:00,0
7/3/2018 11:00,2
7/3/2018 12:00,22
7/3/2018 13:00,45
7/3/2018 14:00,32
7/3/2018 15:00,36
7/3/2018 16:00,43
7/3/2018 17:00,60
7/3/2018 18:00,52
7/3/2018 19:00,66
7/3/2018 20:00,51
7/3/2018 21:00,33
7/3/2018 22:00,13
7/3/2018 23:00,4
7/4/2018 0:00,1
7/4/2018 1:00,0
7/4/2018 2:00,2
7/4/2018 3:00,2
7/4/2018 4:00,11
7/4/2018 5:00,11
7/4/2018 6:00,21
7/4/2018 7:00,32
7/4/2018 8:00,26
7/4/2018 9:00,17
7/4/2018 10:00,14
7/4/2018 11:00,20
7/4/2018 12:00,24
7/4/2018 13:00,43
7/4/2018 14:00,42
7/4/2018 15:00,32
7/4/2018 16:00,29
7/4/2018 17:00,34
7/4/2018 18:00,22
7/4/2018 19:00,10
7/4/2018 20:00,12
7/4/2018 21:00,14
7/4/2018 22:00,18
7/4/2018 23:00,30
7/5/2018 0:00,28
7/5/2018 1:00,18
7/5/2018 2:00,9
7/5/2018 3:00,5
7/5/2018 4:00,23
7/5/2018 5:00,55
7/5/2018 6:00,81
7/5/2018 7:00,92
7/5/2018 8:00,82
7/5/2018 9:00,85
7/5/2018 10:00,94
7/5/2018 11:00,94
7/5/2018 12:00,94
7/5/2018 13:00,98
7/5/2018 14:00,81
7/5/2018 15:00,57
7/5/2018 16:00,7
7/5/2018 17:00,16
7/5/2018 18:00,2
7/5/2018 19:00,1
7/5/2018 20:00,1
7/5/2018 21:00,2
7/5/2018 22:00,2
7/5/2018 23:00,3
7/6/2018 0:00,8
7/6/2018 1:00,0
7/6/2018 2:00,0
7/6/2018 3:00,0
7/6/2018 4:00,0
7/6/2018 5:00,2
7/6/2018 6:00,3
7/6/2018 7:00,1
7/6/2018 8:00,0
7/6/2018 9:00,13
7/6/2018 10:00,83
7/6/2018 11:00,97
7/6/2018 12:00,99
7/6/2018 13:00,96
7/6/2018 14:00,77
7/6/2018 15:00,46
7/6/2018 16:00,36
7/6/2018 17:00,33
7/6/2018 18:00,35
7/6/2018 19:00,20
7/6/2018 20:00,8
7/6/2018 21:00,10
7/6/2018 22:00,25
7/6/2018 23:00,21
7/7/2018 0:00,14
7/7/2018 1:00,7
7/7/2018 2:00,8
7/7/2018 3:00,16
7/7/2018 4:00,1
7/7/2018 5:00,1
7/7/2018 6:00,11
7/7/2018 7:00,63
7/7/2018 8:00,58
7/7/2018 9:00,93
7/7/2018 10:00,86
7/7/2018 11:00,75
7/7/2018 12:00,65
7/7/2018 13:00,37
7/7/2018 14:00,38
7/7/2018 15:00,37
7/7/2018 16:00,32
7/7/2018 17:00,24
7/7/2018 18:00,24
7/7/2018 19:00,17
7/7/2018 20:00,10
7/7/2018 21:00,11
7/7/2018 22:00,10
7/7/2018 23:00,13
7/8/2018 0:00,8
7/8/2018 1:00,5
7/8/2018 2:00,7
7/8/2018 3:00,1
7/8/2018 4:00,0
7/8/2018 5:00,4
7/8/2018 6:00,11
7/8/2018 7:00,4
7/8/2018 8:00,0
7/8/2018 9:00,0
7/8/2018 10:00,0
7/8/2018 11:00,0
7/8/2018 12:00,0
7/8/2018 13:00,0
7/8/2018 14:00,0
7/8/2018 15:00,0
7/8/2018 16:00,0
7/8/2018 17:00,0
7/8/2018 18:00,1
7/8/2018 19:00,2
7/8/2018 20:00,1
7/8/2018 21:00,0
7/8/2018 22:00,0
7/8/2018 23:00,0
7/9/2018 0:00,0
7/9/2018 1:00,0
7/9/2018 2:00,0
7/9/2018 3:00,0
7/9/2018 4:00,0
7/9/2018 5:00,0
7/9/2018 6:00,0
7/9/2018 7:00,0
7/9/2018 8:00,0
7/9/2018 9:00,0
7/9/2018 10:00,0
7/9/2018 11:00,0
7/9/2018 12:00,0
7/9/2018 13:00,0
7/9/2018 14:00,0
7/9/2018 15:00,0
7/9/2018 16:00,0
7/9/2018 17:00,0
7/9/2018 18:00,0
7/9/2018 19:00,0
7/9/2018 20:00,0
7/9/2018 21:00,0
7/9/2018 22:00,0
7/9/2018 23:00,0
7/10/2018 0:00,0
7/10/2018 1:00,0
7/10/2018 2:00,0
7/10/2018 3:00,0
7/10/2018 4:00,1
7/10/2018 5:00,0
7/10/2018 6:00,2
7/10/2018 7:00,6
7/10/2018 8:00,85
7/10/2018 9:00,101
7/10/2018 10:00,101
7/10/2018 11:00,100
7/10/2018 12:00,101
7/10/2018 13:00,103
7/10/2018 14:00,101
7/10/2018 15:00,82
7/10/2018 16:00,82
7/10/2018 17:00,76
7/10/2018 18:00,77
7/10/2018 19:00,76
7/10/2018 20:00,68
7/10/2018 21:00,53
7/10/2018 22:00,48
7/10/2018 23:00,44
7/11/2018 0:00,45
7/11/2018 1:00,32
7/11/2018 2:00,10
7/11/2018 3:00,1
7/11/2018 4:00,1
7/11/2018 5:00,0
7/11/2018 6:00,0
7/11/2018 7:00,0
7/11/2018 8:00,0
7/11/2018 9:00,0
7/11/2018 10:00,4
7/11/2018 11:00,8
7/11/2018 12:00,4
7/11/2018 13:00,0
7/11/2018 14:00,0
7/11/2018 15:00,0
7/11/2018 16:00,0
7/11/2018 17:00,0
7/11/2018 18:00,0
7/11/2018 19:00,1
7/11/2018 20:00,0
7/11/2018 21:00,0
7/11/2018 22:00,0
7/11/2018 23:00,0
7/12/2018 0:00,0
7/12/2018 1:00,0
7/12/2018 2:00,0
7/12/2018 3:00,0
7/12/2018 4:00,1
7/12/2018 5:00,0
7/12/2018 6:00,0
7/12/2018 7:00,0
7/12/2018 8:00,0
7/12/2018 9:00,0
7/12/2018 10:00,2
7/12/2018 11:00,0
7/12/2018 12:00,0
7/12/2018 13:00,0
7/12/2018 14:00,0
7/12/2018 15:00,0
7/12/2018 16:00,0
7/12/2018 17:00,0
7/12/2018 18:00,0
7/12/2018 19:00,0
7/12/2018 20:00,0
7/12/2018 21:00,1
7/12/2018 22:00,0
7/12/2018 23:00,0
7/13/2018 0:00,0
7/13/2018 1:00,0
7/13/2018 2:00,0
7/13/2018 3:00,0
7/13/2018 4:00,0
7/13/2018 5:00,0
7/13/2018 6:00,1
7/13/2018 7:00,2
7/13/2018 8:00,0
7/13/2018 9:00,0
7/13/2018 10:00,6
7/13/2018 11:00,7
7/13/2018 12:00,5
7/13/2018 13:00,9
7/13/2018 14:00,11
7/13/2018 15:00,11
7/13/2018 16:00,7
7/13/2018 17:00,4
7/13/2018 18:00,4
7/13/2018 19:00,7
7/13/2018 20:00,11
7/13/2018 21:00,16
7/13/2018 22:00,15
7/13/2018 23:00,23
7/14/2018 0:00,28
7/14/2018 1:00,35
7/14/2018 2:00,42
7/14/2018 3:00,49
7/14/2018 4:00,44
7/14/2018 5:00,33
7/14/2018 6:00,38
7/14/2018 7:00,65
7/14/2018 8:00,73
7/14/2018 9:00,46
7/14/2018 10:00,80
7/14/2018 11:00,91
7/14/2018 12:00,84
7/14/2018 13:00,65
7/14/2018 14:00,20
7/14/2018 15:00,0
7/14/2018 16:00,1
7/14/2018 17:00,0
7/14/2018 18:00,0
7/14/2018 19:00,0
7/14/2018 20:00,3
7/14/2018 21:00,8
7/14/2018 22:00,12
7/14/2018 23:00,13
7/15/2018 0:00,12
7/15/2018 1:00,7
7/15/2018 2:00,2
7/15/2018 3:00,11
7/15/2018 4:00,10
7/15/2018 5:00,7
7/15/2018 6:00,5
7/15/2018 7:00,5
7/15/2018 8:00,2
7/15/2018 9:00,0
7/15/2018 10:00,0
7/15/2018 11:00,1
7/15/2018 12:00,2
7/15/2018 13:00,1
7/15/2018 14:00,0
7/15/2018 15:00,0
7/15/2018 16:00,0
7/15/2018 17:00,0
7/15/2018 18:00,0
7/15/2018 19:00,0
7/15/2018 20:00,1
7/15/2018 21:00,1
7/15/2018 22:00,0
7/15/2018 23:00,1
7/16/2018 0:00,0
7/16/2018 1:00,0
7/16/2018 2:00,0
7/16/2018 3:00,0
7/16/2018 4:00,0
7/16/2018 5:00,1
7/16/2018 6:00,2
7/16/2018 7:00,0
7/16/2018 8:00,0
7/16/2018 9:00,0
7/16/2018 10:00,0
7/16/2018 11:00,0
7/16/2018 12:00,0
7/16/2018 13:00,0
7/16/2018 14:00,0
7/16/2018 15:00,0
7/16/2018 16:00,0
7/16/2018 17:00,0
7/16/2018 18:00,0
7/16/2018 19:00,0
7/16/2018 20:00,0
7/16/2018 21:00,1
7/16/2018 22:00,6
7/16/2018 23:00,2
7/17/2018 0:00,0
7/17/2018 1:00,0
7/17/2018 2:00,0
7/17/2018 3:00,0
7/17/2018 4:00,0
7/17/2018 5:00,0
7/17/2018 6:00,1
7/17/2018 7:00,6
7/17/2018 8:00,6
7/17/2018 9:00,10
7/17/2018 10:00,9
7/17/2018 11:00,10
7/17/2018 12:00,14
7/17/2018 13:00,26
7/17/2018 14:00,27
7/17/2018 15:00,19
7/17/2018 16:00,15
7/17/2018 17:00,18
7/17/2018 18:00,14
7/17/2018 19:00,17
7/17/2018 20:00,16
7/17/2018 21:00,18
7/17/2018 22:00,8
7/17/2018 23:00,18
7/18/2018 0:00,21
7/18/2018 1:00,35
7/18/2018 2:00,37
7/18/2018 3:00,37
7/18/2018 4:00,35
7/18/2018 5:00,64
7/18/2018 6:00,77
7/18/2018 7:00,97
7/18/2018 8:00,99
7/18/2018 9:00,98
7/18/2018 10:00,99
7/18/2018 11:00,95
7/18/2018 12:00,99
7/18/2018 13:00,98
7/18/2018 14:00,91
7/18/2018 15:00,65
7/18/2018 16:00,83
7/18/2018 17:00,95
7/18/2018 18:00,89
7/18/2018 19:00,65
7/18/2018 20:00,60
7/18/2018 21:00,45
7/18/2018 22:00,31
7/18/2018 23:00,31
7/19/2018 0:00,35
7/19/2018 1:00,29
7/19/2018 2:00,19
7/19/2018 3:00,15
7/19/2018 4:00,6
7/19/2018 5:00,29
7/19/2018 6:00,58
7/19/2018 7:00,47
7/19/2018 8:00,41
7/19/2018 9:00,76
7/19/2018 10:00,86
7/19/2018 11:00,68
7/19/2018 12:00,57
7/19/2018 13:00,65
7/19/2018 14:00,60
7/19/2018 15:00,26
7/19/2018 16:00,28
7/19/2018 17:00,38
7/19/2018 18:00,36
7/19/2018 19:00,47
7/19/2018 20:00,38
7/19/2018 21:00,40
7/19/2018 22:00,52
7/19/2018 23:00,61
7/20/2018 0:00,52
7/20/2018 1:00,63
7/20/2018 2:00,56
7/20/2018 3:00,36
7/20/2018 4:00,40
7/20/2018 5:00,47
7/20/2018 6:00,67
7/20/2018 7:00,70
7/20/2018 8:00,89
7/20/2018 9:00,96
7/20/2018 10:00,87
7/20/2018 11:00,83
7/20/2018 12:00,58
7/20/2018 13:00,60
7/20/2018 14:00,67
7/20/2018 15:00,63
7/20/2018 16:00,60
7/20/2018 17:00,63
7/20/2018 18:00,63
7/20/2018 19:00,47
7/20/2018 20:00,29
7/20/2018 21:00,18
7/20/2018 22:00,11
7/20/2018 23:00,9
7/21/2018 0:00,8
7/21/2018 1:00,8
7/21/2018 2:00,14
7/21/2018 3:00,30
7/21/2018 4:00,38
7/21/2018 5:00,25
7/21/2018 6:00,15
7/21/2018 7:00,9
7/21/2018 8:00,12
7/21/2018 9:00,8
7/21/2018 10:00,5
7/21/2018 11:00,15
7/21/2018 12:00,50
7/21/2018 13:00,64
7/21/2018 14:00,54
7/21/2018 15:00,25
7/21/2018 16:00,12
7/21/2018 17:00,22
7/21/2018 18:00,35
7/21/2018 19:00,32
7/21/2018 20:00,29
7/21/2018 21:00,30
7/21/2018 22:00,31
7/21/2018 23:00,27
7/22/2018 0:00,30
7/22/2018 1:00,36
7/22/2018 2:00,30
7/22/2018 3:00,41
7/22/2018 4:00,49
7/22/2018 5:00,37
7/22/2018 6:00,34
7/22/2018 7:00,35
7/22/2018 8:00,22
7/22/2018 9:00,24
7/22/2018 10:00,15
7/22/2018 11:00,8
7/22/2018 12:00,0
7/22/2018 13:00,1
7/22/2018 14:00,12
7/22/2018 15:00,10
7/22/2018 16:00,2
7/22/2018 17:00,0
7/22/2018 18:00,0
7/22/2018 19:00,0
7/22/2018 20:00,2
7/22/2018 21:00,2
7/22/2018 22:00,2
7/22/2018 23:00,0
7/23/2018 0:00,1
7/23/2018 1:00,0
7/23/2018 2:00,0
7/23/2018 3:00,0
7/23/2018 4:00,0
7/23/2018 5:00,0
7/23/2018 6:00,0
7/23/2018 7:00,0
7/23/2018 8:00,0
7/23/2018 9:00,0
7/23/2018 10:00,0
7/23/2018 11:00,0
7/23/2018 12:00,0
7/23/2018 13:00,0
7/23/2018 14:00,0
7/23/2018 15:00,0
7/23/2018 16:00,0
7/23/2018 17:00,0
7/23/2018 18:00,0
7/23/2018 19:00,0
7/23/2018 20:00,0
7/23/2018 21:00,0
7/23/2018 22:00,1
7/23/2018 23:00,0
7/24/2018 0:00,0
7/24/2018 1:00,0
7/24/2018 2:00,0
7/24/2018 3:00,0
7/24/2018 4:00,1
7/24/2018 5:00,1
7/24/2018 6:00,2
7/24/2018 7:00,0
7/24/2018 8:00,0
7/24/2018 9:00,2
7/24/2018 10:00,4
7/24/2018 11:00,8
7/24/2018 12:00,8
7/24/2018 13:00,2
7/24/2018 14:00,1
7/24/2018 15:00,6
7/24/2018 16:00,9
7/24/2018 17:00,10
7/24/2018 18:00,6
7/24/2018 19:00,6
7/24/2018 20:00,11
7/24/2018 21:00,16
7/24/2018 22:00,26
7/24/2018 23:00,23
7/25/2018 0:00,21
7/25/2018 1:00,16
7/25/2018 2:00,11
7/25/2018 3:00,6
7/25/2018 4:00,2
7/25/2018 5:00,4
7/25/2018 6:00,24
7/25/2018 7:00,20
7/25/2018 8:00,11
7/25/2018 9:00,1
7/25/2018 10:00,0
7/25/2018 11:00,0
7/25/2018 12:00,0
7/25/2018 13:00,1
7/25/2018 14:00,1
7/25/2018 15:00,1
7/25/2018 16:00,3
7/25/2018 17:00,11
7/25/2018 18:00,13
7/25/2018 19:00,10
7/25/2018 20:00,7
7/25/2018 21:00,9
7/25/2018 22:00,10
7/25/2018 23:00,11
7/26/2018 0:00,9
7/26/2018 1:00,9
7/26/2018 2:00,7
7/26/2018 3:00,8
7/26/2018 4:00,21
7/26/2018 5:00,44
7/26/2018 6:00,29
7/26/2018 7:00,9
7/26/2018 8:00,4
7/26/2018 9:00,0
7/26/2018 10:00,0
7/26/2018 11:00,0
7/26/2018 12:00,0
7/26/2018 13:00,1
7/26/2018 14:00,9
7/26/2018 15:00,28
7/26/2018 16:00,14
7/26/2018 17:00,20
7/26/2018 18:00,22
7/26/2018 19:00,14
7/26/2018 20:00,11
7/26/2018 21:00,8
7/26/2018 22:00,10
7/26/2018 23:00,10
7/27/2018 0:00,7
7/27/2018 1:00,4
7/27/2018 2:00,1
7/27/2018 3:00,26
7/27/2018 4:00,54
7/27/2018 5:00,31
7/27/2018 6:00,32
7/27/2018 7:00,23
7/27/2018 8:00,17
7/27/2018 9:00,15
7/27/2018 10:00,7
7/27/2018 11:00,3
7/27/2018 12:00,8
7/27/2018 13:00,7
7/27/2018 14:00,19
7/27/2018 15:00,4
7/27/2018 16:00,1
7/27/2018 17:00,1
7/27/2018 18:00,0
7/27/2018 19:00,0
7/27/2018 20:00,0
7/27/2018 21:00,0
7/27/2018 22:00,9
7/27/2018 23:00,5
7/28/2018 0:00,8
7/28/2018 1:00,30
7/28/2018 2:00,47
7/28/2018 3:00,43
7/28/2018 4:00,37
7/28/2018 5:00,46
7/28/2018 6:00,52
7/28/2018 7:00,33
7/28/2018 8:00,42
7/28/2018 9:00,44
7/28/2018 10:00,48
7/28/2018 11:00,55
7/28/2018 12:00,22
7/28/2018 13:00,20
7/28/2018 14:00,76
7/28/2018 15:00,24
7/28/2018 16:00,0
7/28/2018 17:00,0
7/28/2018 18:00,0
7/28/2018 19:00,0
7/28/2018 20:00,0
7/28/2018 21:00,0
7/28/2018 22:00,1
7/28/2018 23:00,0
7/29/2018 0:00,1
7/29/2018 1:00,0
7/29/2018 2:00,0
7/29/2018 3:00,0
7/29/2018 4:00,27
7/29/2018 5:00,46
7/29/2018 6:00,27
7/29/2018 7:00,19
7/29/2018 8:00,28
7/29/2018 9:00,34
7/29/2018 10:00,16
7/29/2018 11:00,25
7/29/2018 12:00,27
7/29/2018 13:00,40
7/29/2018 14:00,30
7/29/2018 15:00,25
7/29/2018 16:00,16
7/29/2018 17:00,4
7/29/2018 18:00,1
7/29/2018 19:00,2
7/29/2018 20:00,7
7/29/2018 21:00,4
7/29/2018 22:00,7
7/29/2018 23:00,8
7/30/2018 0:00,2
7/30/2018 1:00,2
7/30/2018 2:00,4
7/30/2018 3:00,5
7/30/2018 4:00,3
7/30/2018 5:00,1
7/30/2018 6:00,1
7/30/2018 7:00,3
7/30/2018 8:00,2
7/30/2018 9:00,3
7/30/2018 10:00,10
7/30/2018 11:00,17
7/30/2018 12:00,10
7/30/2018 13:00,9
7/30/2018 14:00,8
7/30/2018 15:00,5
7/30/2018 16:00,2
7/30/2018 17:00,0
7/30/2018 18:00,0
7/30/2018 19:00,0
7/30/2018 20:00,1
7/30/2018 21:00,3
7/30/2018 22:00,2
7/30/2018 23:00,2
7/31/2018 0:00,2
7/31/2018 1:00,2
7/31/2018 2:00,3
7/31/2018 3:00,2
7/31/2018 4:00,0
7/31/2018 5:00,1
7/31/2018 6:00,6
7/31/2018 7:00,9
7/31/2018 8:00,8
7/31/2018 9:00,7
7/31/2018 10:00,9
7/31/2018 11:00,9
7/31/2018 12:00,15
7/31/2018 13:00,22
7/31/2018 14:00,22
7/31/2018 15:00,8
7/31/2018 16:00,4
7/31/2018 17:00,5
7/31/2018 18:00,0
7/31/2018 19:00,0
7/31/2018 20:00,1
7/31/2018 21:00,5
7/31/2018 22:00,2
7/31/2018 23:00,0
8/1/2018 0:00,2
8/1/2018 1:00,3
8/1/2018 2:00,18
8/1/2018 3:00,28
8/1/2018 4:00,25
8/1/2018 5:00,27
8/1/2018 6:00,27
8/1/2018 7:00,12
8/1/2018 8:00,29
8/1/2018 9:00,76
8/1/2018 10:00,83
8/1/2018 11:00,78
8/1/2018 12:00,78
8/1/2018 13:00,77
8/1/2018 14:00,65
8/1/2018 15:00,66
8/1/2018 16:00,82
8/1/2018 17:00,70
8/1/2018 18:00,56
8/1/2018 19:00,54
8/1/2018 20:00,43
8/1/2018 21:00,45
8/1/2018 22:00,59
8/1/2018 23:00,59
8/2/2018 0:00,53
8/2/2018 1:00,46
8/2/2018 2:00,33
8/2/2018 3:00,28
8/2/2018 4:00,38
8/2/2018 5:00,55
8/2/2018 6:00,62
8/2/2018 7:00,69
8/2/2018 8:00,59
8/2/2018 9:00,70
8/2/2018 10:00,83
8/2/2018 11:00,86
8/2/2018 12:00,95
8/2/2018 13:00,94
8/2/2018 14:00,96
8/2/2018 15:00,87
8/2/2018 16:00,97
8/2/2018 17:00,98
8/2/2018 18:00,94
8/2/2018 19:00,79
8/2/2018 20:00,72
8/2/2018 21:00,72
8/2/2018 22:00,65
8/2/2018 23:00,60
8/3/2018 0:00,70
8/3/2018 1:00,82
8/3/2018 2:00,73
8/3/2018 3:00,54
8/3/2018 4:00,48
8/3/2018 5:00,73
8/3/2018 6:00,88
8/3/2018 7:00,97
8/3/2018 8:00,101
8/3/2018 9:00,96
8/3/2018 10:00,96
8/3/2018 11:00,76
8/3/2018 12:00,85
8/3/2018 13:00,94
8/3/2018 14:00,86
8/3/2018 15:00,100
8/3/2018 16:00,101
8/3/2018 17:00,99
8/3/2018 18:00,93
8/3/2018 19:00,95
8/3/2018 20:00,81
8/3/2018 21:00,61
8/3/2018 22:00,27
8/3/2018 23:00,11
8/4/2018 0:00,9
8/4/2018 1:00,11
8/4/2018 2:00,16
8/4/2018 3:00,14
8/4/2018 4:00,13
8/4/2018 5:00,9
8/4/2018 6:00,22
8/4/2018 7:00,24
8/4/2018 8:00,11
8/4/2018 9:00,15
8/4/2018 10:00,61
8/4/2018 11:00,63
8/4/2018 12:00,57
8/4/2018 13:00,41
8/4/2018 14:00,28
8/4/2018 15:00,14
8/4/2018 16:00,4
8/4/2018 17:00,1
8/4/2018 18:00,1
8/4/2018 19:00,0
8/4/2018 20:00,0
8/4/2018 21:00,0
8/4/2018 22:00,0
8/4/2018 23:00,0
8/5/2018 0:00,0
8/5/2018 1:00,0
8/5/2018 2:00,0
8/5/2018 3:00,0
8/5/2018 4:00,0
8/5/2018 5:00,0
8/5/2018 6:00,1
8/5/2018 7:00,0
8/5/2018 8:00,0
8/5/2018 9:00,1
8/5/2018 10:00,0
8/5/2018 11:00,0
8/5/2018 12:00,0
8/5/2018 13:00,0
8/5/2018 14:00,0
8/5/2018 15:00,0
8/5/2018 16:00,0
8/5/2018 17:00,0
8/5/2018 18:00,0
8/5/2018 19:00,1
8/5/2018 20:00,1
8/5/2018 21:00,2
8/5/2018 22:00,2
8/5/2018 23:00,3
8/6/2018 0:00,3
8/6/2018 1:00,1
8/6/2018 2:00,0
8/6/2018 3:00,0
8/6/2018 4:00,0
8/6/2018 5:00,0
8/6/2018 6:00,0
8/6/2018 7:00,7
8/6/2018 8:00,11
8/6/2018 9:00,8
8/6/2018 10:00,9
8/6/2018 11:00,4
8/6/2018 12:00,1
8/6/2018 13:00,0
8/6/2018 14:00,0
8/6/2018 15:00,1
8/6/2018 16:00,0
8/6/2018 17:00,0
8/6/2018 18:00,0
8/6/2018 19:00,0
8/6/2018 20:00,1
8/6/2018 21:00,3
8/6/2018 22:00,4
8/6/2018 23:00,5
8/7/2018 0:00,8
8/7/2018 1:00,9
8/7/2018 2:00,5
8/7/2018 3:00,1
8/7/2018 4:00,4
8/7/2018 5:00,10
8/7/2018 6:00,7
8/7/2018 7:00,3
8/7/2018 8:00,2
8/7/2018 9:00,2
8/7/2018 10:00,0
8/7/2018 11:00,0
8/7/2018 12:00,0
8/7/2018 13:00,0
8/7/2018 14:00,1
8/7/2018 15:00,5
8/7/2018 16:00,6
8/7/2018 17:00,5
8/7/2018 18:00,9
8/7/2018 19:00,12
8/7/2018 20:00,15
8/7/2018 21:00,15
8/7/2018 22:00,11
8/7/2018 23:00,9
8/8/2018 0:00,6
8/8/2018 1:00,2
8/8/2018 2:00,0
8/8/2018 3:00,0
8/8/2018 4:00,0
8/8/2018 5:00,0
8/8/2018 6:00,1
8/8/2018 7:00,2
8/8/2018 8:00,3
8/8/2018 9:00,4
8/8/2018 10:00,5
8/8/2018 11:00,3
8/8/2018 12:00,3
8/8/2018 13:00,5
8/8/2018 14:00,9
8/8/2018 15:00,13
8/8/2018 16:00,16
8/8/2018 17:00,5
8/8/2018 18:00,5
8/8/2018 19:00,1
8/8/2018 20:00,0
8/8/2018 21:00,0
8/8/2018 22:00,0
8/8/2018 23:00,0
8/9/2018 0:00,0
8/9/2018 1:00,0
8/9/2018 2:00,0
8/9/2018 3:00,4
8/9/2018 4:00,17
8/9/2018 5:00,17
8/9/2018 6:00,24
8/9/2018 7:00,16
8/9/2018 8:00,8
8/9/2018 9:00,4
8/9/2018 10:00,6
8/9/2018 11:00,10
8/9/2018 12:00,10
8/9/2018 13:00,12
8/9/2018 14:00,8
8/9/2018 15:00,3
8/9/2018 16:00,11
8/9/2018 17:00,7
8/9/2018 18:00,0
8/9/2018 19:00,3
8/9/2018 20:00,3
8/9/2018 21:00,0
8/9/2018 22:00,0
8/9/2018 23:00,0
8/10/2018 0:00,0
8/10/2018 1:00,0
8/10/2018 2:00,0
8/10/2018 3:00,3
8/10/2018 4:00,15
8/10/2018 5:00,16
8/10/2018 6:00,32
8/10/2018 7:00,34
8/10/2018 8:00,27
8/10/2018 9:00,25
8/10/2018 10:00,24
8/10/2018 11:00,44
8/10/2018 12:00,66
8/10/2018 13:00,62
8/10/2018 14:00,65
8/10/2018 15:00,72
8/10/2018 16:00,44
8/10/2018 17:00,14
8/10/2018 18:00,11
8/10/2018 19:00,21
8/10/2018 20:00,16
8/10/2018 21:00,11
8/10/2018 22:00,17
8/10/2018 23:00,31
8/11/2018 0:00,56
8/11/2018 1:00,69
8/11/2018 2:00,58
8/11/2018 3:00,51
8/11/2018 4:00,65
8/11/2018 5:00,74
8/11/2018 6:00,36
8/11/2018 7:00,46
8/11/2018 8:00,71
8/11/2018 9:00,79
8/11/2018 10:00,81
8/11/2018 11:00,72
8/11/2018 12:00,65
8/11/2018 13:00,61
8/11/2018 14:00,65
8/11/2018 15:00,55
8/11/2018 16:00,45
8/11/2018 17:00,32
8/11/2018 18:00,34
8/11/2018 19:00,41
8/11/2018 20:00,58
8/11/2018 21:00,78
8/11/2018 22:00,92
8/11/2018 23:00,96
8/12/2018 0:00,95
8/12/2018 1:00,96
8/12/2018 2:00,94
8/12/2018 3:00,82
8/12/2018 4:00,66
8/12/2018 5:00,63
8/12/2018 6:00,50
8/12/2018 7:00,18
8/12/2018 8:00,25
8/12/2018 9:00,33
8/12/2018 10:00,56
8/12/2018 11:00,74
8/12/2018 12:00,78
8/12/2018 13:00,68
8/12/2018 14:00,50
8/12/2018 15:00,40
8/12/2018 16:00,47
8/12/2018 17:00,36
8/12/2018 18:00,33
8/12/2018 19:00,29
8/12/2018 20:00,21
8/12/2018 21:00,14
8/12/2018 22:00,8
8/12/2018 23:00,4
8/13/2018 0:00,2
8/13/2018 1:00,1
8/13/2018 2:00,0
8/13/2018 3:00,0
8/13/2018 4:00,0
8/13/2018 5:00,0
8/13/2018 6:00,0
8/13/2018 7:00,1
8/13/2018 8:00,5
8/13/2018 9:00,9
8/13/2018 10:00,13
8/13/2018 11:00,15
8/13/2018 12:00,13
8/13/2018 13:00,12
8/13/2018 14:00,16
8/13/2018 15:00,15
8/13/2018 16:00,15
8/13/2018 17:00,14
8/13/2018 18:00,7
8/13/2018 19:00,1
8/13/2018 20:00,1
8/13/2018 21:00,4
8/13/2018 22:00,4
8/13/2018 23:00,3
8/14/2018 0:00,3
8/14/2018 1:00,5
8/14/2018 2:00,3
8/14/2018 3:00,7
8/14/2018 4:00,6
8/14/2018 5:00,7
8/14/2018 6:00,4
8/14/2018 7:00,1
8/14/2018 8:00,0
8/14/2018 9:00,0
8/14/2018 10:00,0
8/14/2018 11:00,0
8/14/2018 12:00,0
8/14/2018 13:00,0
8/14/2018 14:00,0
8/14/2018 15:00,0
8/14/2018 16:00,0
8/14/2018 17:00,0
8/14/2018 18:00,0
8/14/2018 19:00,0
8/14/2018 20:00,0
8/14/2018 21:00,1
8/14/2018 22:00,0
8/14/2018 23:00,1
8/15/2018 0:00,0
8/15/2018 1:00,0
8/15/2018 2:00,0
8/15/2018 3:00,0
8/15/2018 4:00,0
8/15/2018 5:00,0
8/15/2018 6:00,0
8/15/2018 7:00,0
8/15/2018 8:00,0
8/15/2018 9:00,0
8/15/2018 10:00,0
8/15/2018 11:00,0
8/15/2018 12:00,0
8/15/2018 13:00,0
8/15/2018 14:00,0
8/15/2018 15:00,1
8/15/2018 16:00,3
8/15/2018 17:00,3
8/15/2018 18:00,0
8/15/2018 19:00,0
8/15/2018 20:00,1
8/15/2018 21:00,0
8/15/2018 22:00,1
8/15/2018 23:00,0
8/16/2018 0:00,0
8/16/2018 1:00,0
8/16/2018 2:00,0
8/16/2018 3:00,0
8/16/2018 4:00,0
8/16/2018 5:00,0
8/16/2018 6:00,0
8/16/2018 7:00,0
8/16/2018 8:00,0
8/16/2018 9:00,0
8/16/2018 10:00,0
8/16/2018 11:00,0
8/16/2018 12:00,1
8/16/2018 13:00,1
8/16/2018 14:00,5
8/16/2018 15:00,4
8/16/2018 16:00,9
8/16/2018 17:00,14
8/16/2018 18:00,5
8/16/2018 19:00,0
8/16/2018 20:00,2
8/16/2018 21:00,3
8/16/2018 22:00,1
8/16/2018 23:00,0
8/17/2018 0:00,0
8/17/2018 1:00,0
8/17/2018 2:00,0
8/17/2018 3:00,0
8/17/2018 4:00,1
8/17/2018 5:00,9
8/17/2018 6:00,17
8/17/2018 7:00,19
8/17/2018 8:00,76
8/17/2018 9:00,49
8/17/2018 10:00,19
8/17/2018 11:00,5
8/17/2018 12:00,19
8/17/2018 13:00,86
8/17/2018 14:00,79
8/17/2018 15:00,52
8/17/2018 16:00,7
8/17/2018 17:00,9
8/17/2018 18:00,14
8/17/2018 19:00,17
8/17/2018 20:00,9
8/17/2018 21:00,2
8/17/2018 22:00,5
8/17/2018 23:00,15
8/18/2018 0:00,10
8/18/2018 1:00,5
8/18/2018 2:00,11
8/18/2018 3:00,5
8/18/2018 4:00,9
8/18/2018 5:00,16
8/18/2018 6:00,34
8/18/2018 7:00,35
8/18/2018 8:00,13
8/18/2018 9:00,27
8/18/2018 10:00,37
8/18/2018 11:00,39
8/18/2018 12:00,32
8/18/2018 13:00,32
8/18/2018 14:00,25
8/18/2018 15:00,25
8/18/2018 16:00,13
8/18/2018 17:00,8
8/18/2018 18:00,5
8/18/2018 19:00,8
8/18/2018 20:00,8
8/18/2018 21:00,9
8/18/2018 22:00,3
8/18/2018 23:00,1
8/19/2018 0:00,0
8/19/2018 1:00,0
8/19/2018 2:00,0
8/19/2018 3:00,0
8/19/2018 4:00,0
8/19/2018 5:00,0
8/19/2018 6:00,4
8/19/2018 7:00,8
8/19/2018 8:00,8
8/19/2018 9:00,1
8/19/2018 10:00,4
8/19/2018 11:00,8
8/19/2018 12:00,4
8/19/2018 13:00,4
8/19/2018 14:00,3
8/19/2018 15:00,1
8/19/2018 16:00,0
8/19/2018 17:00,0
8/19/2018 18:00,0
8/19/2018 19:00,0
8/19/2018 20:00,0
8/19/2018 21:00,2
8/19/2018 22:00,2
8/19/2018 23:00,6
8/20/2018 0:00,24
8/20/2018 1:00,26
8/20/2018 2:00,18
8/20/2018 3:00,21
8/20/2018 4:00,30
8/20/2018 5:00,41
8/20/2018 6:00,44
8/20/2018 7:00,25
8/20/2018 8:00,22
8/20/2018 9:00,23
8/20/2018 10:00,3
8/20/2018 11:00,4
8/20/2018 12:00,0
8/20/2018 13:00,3
8/20/2018 14:00,16
8/20/2018 15:00,42
8/20/2018 16:00,58
8/20/2018 17:00,55
8/20/2018 18:00,83
8/20/2018 19:00,72
8/20/2018 20:00,64
8/20/2018 21:00,35
8/20/2018 22:00,50
8/20/2018 23:00,74
8/21/2018 0:00,88
8/21/2018 1:00,95
8/21/2018 2:00,101
8/21/2018 3:00,95
8/21/2018 4:00,91
8/21/2018 5:00,87
8/21/2018 6:00,90
8/21/2018 7:00,46
8/21/2018 8:00,51
8/21/2018 9:00,58
8/21/2018 10:00,56
8/21/2018 11:00,77
8/21/2018 12:00,67
8/21/2018 13:00,57
8/21/2018 14:00,53
8/21/2018 15:00,40
8/21/2018 16:00,25
8/21/2018 17:00,50
8/21/2018 18:00,40
8/21/2018 19:00,24
8/21/2018 20:00,20
8/21/2018 21:00,15
8/21/2018 22:00,12
8/21/2018 23:00,7
8/22/2018 0:00,3
8/22/2018 1:00,4
8/22/2018 2:00,8
8/22/2018 3:00,10
8/22/2018 4:00,15
8/22/2018 5:00,14
8/22/2018 6:00,11
8/22/2018 7:00,11
8/22/2018 8:00,11
8/22/2018 9:00,20
8/22/2018 10:00,9
8/22/2018 11:00,5
8/22/2018 12:00,4
8/22/2018 13:00,5
8/22/2018 14:00,10
8/22/2018 15:00,10
8/22/2018 16:00,4
8/22/2018 17:00,0
8/22/2018 18:00,1
8/22/2018 19:00,3
8/22/2018 20:00,2
8/22/2018 21:00,4
8/22/2018 22:00,4
8/22/2018 23:00,8
8/23/2018 0:00,9
8/23/2018 1:00,7
8/23/2018 2:00,8
8/23/2018 3:00,15
8/23/2018 4:00,34
8/23/2018 5:00,34
8/23/2018 6:00,19
8/23/2018 7:00,17
8/23/2018 8:00,24
8/23/2018 9:00,23
8/23/2018 10:00,47
8/23/2018 11:00,82
8/23/2018 12:00,92
8/23/2018 13:00,87
8/23/2018 14:00,82
8/23/2018 15:00,70
8/23/2018 16:00,73
8/23/2018 17:00,83
8/23/2018 18:00,99
8/23/2018 19:00,96
8/23/2018 20:00,98
8/23/2018 21:00,94
8/23/2018 22:00,89
8/23/2018 23:00,86
8/24/2018 0:00,87
8/24/2018 1:00,78
8/24/2018 2:00,40
8/24/2018 3:00,33
8/24/2018 4:00,57
8/24/2018 5:00,75
8/24/2018 6:00,88
8/24/2018 7:00,96
8/24/2018 8:00,96
8/24/2018 9:00,98
8/24/2018 10:00,89
8/24/2018 11:00,85
8/24/2018 12:00,95
8/24/2018 13:00,98
8/24/2018 14:00,94
8/24/2018 15:00,99
8/24/2018 16:00,99
8/24/2018 17:00,99
8/24/2018 18:00,98
8/24/2018 19:00,96
8/24/2018 20:00,90
8/24/2018 21:00,81
8/24/2018 22:00,73
8/24/2018 23:00,51
8/25/2018 0:00,36
8/25/2018 1:00,25
8/25/2018 2:00,22
8/25/2018 3:00,18
8/25/2018 4:00,18
8/25/2018 5:00,24
8/25/2018 6:00,44
8/25/2018 7:00,44
8/25/2018 8:00,42
8/25/2018 9:00,39
8/25/2018 10:00,34
8/25/2018 11:00,41
8/25/2018 12:00,46
8/25/2018 13:00,43
8/25/2018 14:00,38
8/25/2018 15:00,36
8/25/2018 16:00,28
8/25/2018 17:00,25
8/25/2018 18:00,13
8/25/2018 19:00,8
8/25/2018 20:00,5
8/25/2018 21:00,8
8/25/2018 22:00,6
8/25/2018 23:00,5
8/26/2018 0:00,3
8/26/2018 1:00,6
8/26/2018 2:00,7
8/26/2018 3:00,16
8/26/2018 4:00,19
8/26/2018 5:00,16
8/26/2018 6:00,18
8/26/2018 7:00,23
8/26/2018 8:00,19
8/26/2018 9:00,16
8/26/2018 10:00,33
8/26/2018 11:00,51
8/26/2018 12:00,46
8/26/2018 13:00,44
8/26/2018 14:00,50
8/26/2018 15:00,71
8/26/2018 16:00,90
8/26/2018 17:00,74
8/26/2018 18:00,77
8/26/2018 19:00,76
8/26/2018 20:00,76
8/26/2018 21:00,84
8/26/2018 22:00,32
8/26/2018 23:00,37
8/27/2018 0:00,33
8/27/2018 1:00,9
8/27/2018 2:00,4
8/27/2018 3:00,5
8/27/2018 4:00,12
8/27/2018 5:00,10
8/27/2018 6:00,10
8/27/2018 7:00,20
8/27/2018 8:00,33
8/27/2018 9:00,47
8/27/2018 10:00,48
8/27/2018 11:00,24
8/27/2018 12:00,18
8/27/2018 13:00,7
8/27/2018 14:00,4
8/27/2018 15:00,7
8/27/2018 16:00,12
8/27/2018 17:00,8
8/27/2018 18:00,11
8/27/2018 19:00,14
8/27/2018 20:00,14
8/27/2018 21:00,15
8/27/2018 22:00,20
8/27/2018 23:00,7
8/28/2018 0:00,1
8/28/2018 1:00,1
8/28/2018 2:00,0
8/28/2018 3:00,0
8/28/2018 4:00,9
8/28/2018 5:00,11
8/28/2018 6:00,14
8/28/2018 7:00,12
8/28/2018 8:00,21
8/28/2018 9:00,20
8/28/2018 10:00,16
8/28/2018 11:00,16
8/28/2018 12:00,21
8/28/2018 13:00,23
8/28/2018 14:00,31
8/28/2018 15:00,31
8/28/2018 16:00,39
8/28/2018 17:00,25
8/28/2018 18:00,16
8/28/2018 19:00,10
8/28/2018 20:00,5
8/28/2018 21:00,1
8/28/2018 22:00,1
8/28/2018 23:00,1
8/29/2018 0:00,0
8/29/2018 1:00,0
8/29/2018 2:00,0
8/29/2018 3:00,2
8/29/2018 4:00,2
8/29/2018 5:00,10
8/29/2018 6:00,21
8/29/2018 7:00,51
8/29/2018 8:00,36
8/29/2018 9:00,45
8/29/2018 10:00,48
8/29/2018 11:00,45
8/29/2018 12:00,60
8/29/2018 13:00,53
8/29/2018 14:00,56
8/29/2018 15:00,60
8/29/2018 16:00,32
8/29/2018 17:00,18
8/29/2018 18:00,20
8/29/2018 19:00,23
8/29/2018 20:00,43
8/29/2018 21:00,48
8/29/2018 22:00,49
8/29/2018 23:00,53
8/30/2018 0:00,66
8/30/2018 1:00,80
8/30/2018 2:00,59
8/30/2018 3:00,30
8/30/2018 4:00,20
8/30/2018 5:00,11
8/30/2018 6:00,15
8/30/2018 7:00,16
8/30/2018 8:00,24
8/30/2018 9:00,35
8/30/2018 10:00,48
8/30/2018 11:00,50
8/30/2018 12:00,48
8/30/2018 13:00,38
8/30/2018 14:00,36
8/30/2018 15:00,27
8/30/2018 16:00,12
8/30/2018 17:00,13
8/30/2018 18:00,17
8/30/2018 19:00,36
8/30/2018 20:00,57
8/30/2018 21:00,53
8/30/2018 22:00,51
8/30/2018 23:00,60
8/31/2018 0:00,64
8/31/2018 1:00,72
8/31/2018 2:00,71
8/31/2018 3:00,51
8/31/2018 4:00,48
8/31/2018 5:00,55
8/31/2018 6:00,45
8/31/2018 7:00,11
8/31/2018 8:00,31
8/31/2018 9:00,57
8/31/2018 10:00,75
8/31/2018 11:00,92
8/31/2018 12:00,100
8/31/2018 13:00,97
8/31/2018 14:00,86
8/31/2018 15:00,88
8/31/2018 16:00,77
8/31/2018 17:00,79
8/31/2018 18:00,80
8/31/2018 19:00,67
8/31/2018 20:00,57
8/31/2018 21:00,39
8/31/2018 22:00,36
8/31/2018 23:00,33
9/1/2018 0:00,29
9/1/2018 1:00,23
9/1/2018 2:00,20
9/1/2018 3:00,27
9/1/2018 4:00,31
9/1/2018 5:00,34
9/1/2018 6:00,27
9/1/2018 7:00,37
9/1/2018 8:00,54
9/1/2018 9:00,87
9/1/2018 10:00,99
9/1/2018 11:00,99
9/1/2018 12:00,96
9/1/2018 13:00,83
9/1/2018 14:00,82
9/1/2018 15:00,77
9/1/2018 16:00,56
9/1/2018 17:00,48
9/1/2018 18:00,37
9/1/2018 19:00,27
9/1/2018 20:00,18
9/1/2018 21:00,9
9/1/2018 22:00,9
9/1/2018 23:00,11
9/2/2018 0:00,11
9/2/2018 1:00,9
9/2/2018 2:00,4
9/2/2018 3:00,13
9/2/2018 4:00,21
9/2/2018 5:00,23
9/2/2018 6:00,16
9/2/2018 7:00,8
9/2/2018 8:00,1
9/2/2018 9:00,1
9/2/2018 10:00,1
9/2/2018 11:00,0
9/2/2018 12:00,0
9/2/2018 13:00,1
9/2/2018 14:00,13
9/2/2018 15:00,23
9/2/2018 16:00,14
9/2/2018 17:00,12
9/2/2018 18:00,13
9/2/2018 19:00,14
9/2/2018 20:00,14
9/2/2018 21:00,17
9/2/2018 22:00,18
9/2/2018 23:00,12
9/3/2018 0:00,9
9/3/2018 1:00,8
9/3/2018 2:00,5
9/3/2018 3:00,5
9/3/2018 4:00,0
9/3/2018 5:00,2
9/3/2018 6:00,5
9/3/2018 7:00,10
9/3/2018 8:00,20
9/3/2018 9:00,25
9/3/2018 10:00,34
9/3/2018 11:00,51
9/3/2018 12:00,72
9/3/2018 13:00,58
9/3/2018 14:00,35
9/3/2018 15:00,30
9/3/2018 16:00,24
9/3/2018 17:00,19
9/3/2018 18:00,24
9/3/2018 19:00,18
9/3/2018 20:00,9
9/3/2018 21:00,17
9/3/2018 22:00,19
9/3/2018 23:00,19
9/4/2018 0:00,12
9/4/2018 1:00,10
9/4/2018 2:00,7
9/4/2018 3:00,6
9/4/2018 4:00,6
9/4/2018 5:00,8
9/4/2018 6:00,16
9/4/2018 7:00,42
9/4/2018 8:00,59
9/4/2018 9:00,48
9/4/2018 10:00,27
9/4/2018 11:00,35
9/4/2018 12:00,45
9/4/2018 13:00,36
9/4/2018 14:00,43
9/4/2018 15:00,48
9/4/2018 16:00,37
9/4/2018 17:00,20
9/4/2018 18:00,12
9/4/2018 19:00,8
9/4/2018 20:00,16
9/4/2018 21:00,6
9/4/2018 22:00,3
9/4/2018 23:00,3
9/5/2018 0:00,4
9/5/2018 1:00,5
9/5/2018 2:00,6
9/5/2018 3:00,10
9/5/2018 4:00,20
9/5/2018 5:00,19
9/5/2018 6:00,22
9/5/2018 7:00,20
9/5/2018 8:00,13
9/5/2018 9:00,11
9/5/2018 10:00,6
9/5/2018 11:00,3
9/5/2018 12:00,7
9/5/2018 13:00,10
9/5/2018 14:00,2
9/5/2018 15:00,3
9/5/2018 16:00,5
9/5/2018 17:00,3
9/5/2018 18:00,0
9/5/2018 19:00,0
9/5/2018 20:00,0
9/5/2018 21:00,0
9/5/2018 22:00,0
9/5/2018 23:00,0
9/6/2018 0:00,0
9/6/2018 1:00,0
9/6/2018 2:00,0
9/6/2018 3:00,0
9/6/2018 4:00,0
9/6/2018 5:00,0
9/6/2018 6:00,7
9/6/2018 7:00,12
9/6/2018 8:00,0
9/6/2018 9:00,0
9/6/2018 10:00,0
9/6/2018 11:00,0
9/6/2018 12:00,0
9/6/2018 13:00,0
9/6/2018 14:00,0
9/6/2018 15:00,0
9/6/2018 16:00,0
9/6/2018 17:00,0
9/6/2018 18:00,0
9/6/2018 19:00,0
9/6/2018 20:00,0
9/6/2018 21:00,0
9/6/2018 22:00,0
9/6/2018 23:00,1
9/7/2018 0:00,0
9/7/2018 1:00,0
9/7/2018 2:00,0
9/7/2018 3:00,5
9/7/2018 4:00,12
9/7/2018 5:00,25
9/7/2018 6:00,30
9/7/2018 7:00,21
9/7/2018 8:00,5
9/7/2018 9:00,0
9/7/2018 10:00,1
9/7/2018 11:00,4
9/7/2018 12:00,16
9/7/2018 13:00,41
9/7/2018 14:00,58
9/7/2018 15:00,62
9/7/2018 16:00,45
9/7/2018 17:00,57
9/7/2018 18:00,51
9/7/2018 19:00,25
9/7/2018 20:00,23
9/7/2018 21:00,19
9/7/2018 22:00,17
9/7/2018 23:00,12
9/8/2018 0:00,11
9/8/2018 1:00,6
9/8/2018 2:00,1
9/8/2018 3:00,0
9/8/2018 4:00,0
9/8/2018 5:00,0
9/8/2018 6:00,26
9/8/2018 7:00,18
9/8/2018 8:00,70
9/8/2018 9:00,79
9/8/2018 10:00,17
9/8/2018 11:00,5
9/8/2018 12:00,46
9/8/2018 13:00,58
9/8/2018 14:00,27
9/8/2018 15:00,47
9/8/2018 16:00,41
9/8/2018 17:00,47
9/8/2018 18:00,47
9/8/2018 19:00,51
9/8/2018 20:00,55
9/8/2018 21:00,45
9/8/2018 22:00,36
9/8/2018 23:00,42
9/9/2018 0:00,35
9/9/2018 1:00,42
9/9/2018 2:00,25
9/9/2018 3:00,11
9/9/2018 4:00,5
9/9/2018 5:00,14
9/9/2018 6:00,16
9/9/2018 7:00,17
9/9/2018 8:00,41
9/9/2018 9:00,75
9/9/2018 10:00,66
9/9/2018 11:00,47
9/9/2018 12:00,49
9/9/2018 13:00,36
9/9/2018 14:00,27
9/9/2018 15:00,16
9/9/2018 16:00,19
9/9/2018 17:00,43
9/9/2018 18:00,44
9/9/2018 19:00,36
9/9/2018 20:00,32
9/9/2018 21:00,21
9/9/2018 22:00,20
9/9/2018 23:00,11
9/10/2018 0:00,14
9/10/2018 1:00,16
9/10/2018 2:00,3
9/10/2018 3:00,0
9/10/2018 4:00,0
9/10/2018 5:00,0
9/10/2018 6:00,9
9/10/2018 7:00,20
9/10/2018 8:00,30
9/10/2018 9:00,45
9/10/2018 10:00,56
9/10/2018 11:00,89
9/10/2018 12:00,89
9/10/2018 13:00,94
9/10/2018 14:00,90
9/10/2018 15:00,0
9/10/2018 16:00,0
9/10/2018 17:00,0
9/10/2018 18:00,0
9/10/2018 19:00,0
9/10/2018 20:00,0
9/10/2018 21:00,0
9/10/2018 22:00,0
9/10/2018 23:00,0
9/11/2018 0:00,0
9/11/2018 1:00,0
9/11/2018 2:00,0
9/11/2018 3:00,0
9/11/2018 4:00,0
9/11/2018 5:00,0
9/11/2018 6:00,0
9/11/2018 7:00,0
9/11/2018 8:00,0
9/11/2018 9:00,0
9/11/2018 10:00,0
9/11/2018 11:00,0
9/11/2018 12:00,0
9/11/2018 13:00,0
9/11/2018 14:00,0
9/11/2018 15:00,0
9/11/2018 16:00,0
9/11/2018 17:00,0
9/11/2018 18:00,0
9/11/2018 19:00,0
9/11/2018 20:00,0
9/11/2018 21:00,0
9/11/2018 22:00,0
9/11/2018 23:00,0
9/12/2018 0:00,0
9/12/2018 1:00,0
9/12/2018 2:00,0
9/12/2018 3:00,0
9/12/2018 4:00,0
9/12/2018 5:00,0
9/12/2018 6:00,0
9/12/2018 7:00,0
9/12/2018 8:00,0
9/12/2018 9:00,0
9/12/2018 10:00,0
9/12/2018 11:00,0
9/12/2018 12:00,0
9/12/2018 13:00,0
9/12/2018 14:00,0
9/12/2018 15:00,0
9/12/2018 16:00,0
9/12/2018 17:00,0
9/12/2018 18:00,0
9/12/2018 19:00,0
9/12/2018 20:00,0
9/12/2018 21:00,4
9/12/2018 22:00,15
9/12/2018 23:00,20
9/13/2018 0:00,29
9/13/2018 1:00,22
9/13/2018 2:00,14
9/13/2018 3:00,11
9/13/2018 4:00,12
9/13/2018 5:00,8
9/13/2018 6:00,3
9/13/2018 7:00,4
9/13/2018 8:00,15
9/13/2018 9:00,52
9/13/2018 10:00,66
9/13/2018 11:00,59
9/13/2018 12:00,52
9/13/2018 13:00,60
9/13/2018 14:00,65
9/13/2018 15:00,56
9/13/2018 16:00,48
9/13/2018 17:00,67
9/13/2018 18:00,78
9/13/2018 19:00,81
9/13/2018 20:00,60
9/13/2018 21:00,63
9/13/2018 22:00,67
9/13/2018 23:00,45
9/14/2018 0:00,52
9/14/2018 1:00,48
9/14/2018 2:00,43
9/14/2018 3:00,50
9/14/2018 4:00,47
9/14/2018 5:00,57
9/14/2018 6:00,57
9/14/2018 7:00,50
9/14/2018 8:00,40
9/14/2018 9:00,34
9/14/2018 10:00,40
9/14/2018 11:00,34
9/14/2018 12:00,38
9/14/2018 13:00,33
9/14/2018 14:00,31
9/14/2018 15:00,20
9/14/2018 16:00,17
9/14/2018 17:00,9
9/14/2018 18:00,6
9/14/2018 19:00,1
9/14/2018 20:00,0
9/14/2018 21:00,1
9/14/2018 22:00,1
9/14/2018 23:00,2
9/15/2018 0:00,1
9/15/2018 1:00,0
9/15/2018 2:00,6
9/15/2018 3:00,12
9/15/2018 4:00,15
9/15/2018 5:00,17
9/15/2018 6:00,5
9/15/2018 7:00,0
9/15/2018 8:00,0
9/15/2018 9:00,0
9/15/2018 10:00,0
9/15/2018 11:00,1
9/15/2018 12:00,0
9/15/2018 13:00,9
9/15/2018 14:00,15
9/15/2018 15:00,8
9/15/2018 16:00,0
9/15/2018 17:00,0
9/15/2018 18:00,0
9/15/2018 19:00,0
9/15/2018 20:00,0
9/15/2018 21:00,0
9/15/2018 22:00,0
9/15/2018 23:00,0
9/16/2018 0:00,1
9/16/2018 1:00,0
9/16/2018 2:00,5
9/16/2018 3:00,12
9/16/2018 4:00,4
9/16/2018 5:00,4
9/16/2018 6:00,1
9/16/2018 7:00,3
9/16/2018 8:00,24
9/16/2018 9:00,60
9/16/2018 10:00,39
9/16/2018 11:00,29
9/16/2018 12:00,34
9/16/2018 13:00,32
9/16/2018 14:00,35
9/16/2018 15:00,36
9/16/2018 16:00,40
9/16/2018 17:00,29
9/16/2018 18:00,33
9/16/2018 19:00,53
9/16/2018 20:00,85
9/16/2018 21:00,88
9/16/2018 22:00,91
9/16/2018 23:00,99
9/17/2018 0:00,96
9/17/2018 1:00,95
9/17/2018 2:00,87
9/17/2018 3:00,85
9/17/2018 4:00,81
9/17/2018 5:00,95
9/17/2018 6:00,81
9/17/2018 7:00,21
9/17/2018 8:00,16
9/17/2018 9:00,18
9/17/2018 10:00,28
9/17/2018 11:00,22
9/17/2018 12:00,24
9/17/2018 13:00,21
9/17/2018 14:00,27
9/17/2018 15:00,14
9/17/2018 16:00,4
9/17/2018 17:00,0
9/17/2018 18:00,0
9/17/2018 19:00,0
9/17/2018 20:00,0
9/17/2018 21:00,0
9/17/2018 22:00,0
9/17/2018 23:00,0
9/18/2018 0:00,0
9/18/2018 1:00,0
9/18/2018 2:00,1
9/18/2018 3:00,1
9/18/2018 4:00,1
9/18/2018 5:00,11
9/18/2018 6:00,13
9/18/2018 7:00,8
9/18/2018 8:00,7
9/18/2018 9:00,6
9/18/2018 10:00,5
9/18/2018 11:00,3
9/18/2018 12:00,1
9/18/2018 13:00,0
9/18/2018 14:00,1
9/18/2018 15:00,1
9/18/2018 16:00,0
9/18/2018 17:00,0
9/18/2018 18:00,0
9/18/2018 19:00,0
9/18/2018 20:00,0
9/18/2018 21:00,2
9/18/2018 22:00,1
9/18/2018 23:00,1
9/19/2018 0:00,2
9/19/2018 1:00,1
9/19/2018 2:00,3
9/19/2018 3:00,4
9/19/2018 4:00,2
9/19/2018 5:00,0
9/19/2018 6:00,0
9/19/2018 7:00,1
9/19/2018 8:00,7
9/19/2018 9:00,7
9/19/2018 10:00,4
9/19/2018 11:00,7
9/19/2018 12:00,16
9/19/2018 13:00,21
9/19/2018 14:00,31
9/19/2018 15:00,32
9/19/2018 16:00,18
9/19/2018 17:00,4
9/19/2018 18:00,0
9/19/2018 19:00,0
9/19/2018 20:00,1
9/19/2018 21:00,4
9/19/2018 22:00,7
9/19/2018 23:00,7
9/20/2018 0:00,4
9/20/2018 1:00,5
9/20/2018 2:00,5
9/20/2018 3:00,9
9/20/2018 4:00,18
9/20/2018 5:00,29
9/20/2018 6:00,39
9/20/2018 7:00,58
9/20/2018 8:00,38
9/20/2018 9:00,74
9/20/2018 10:00,87
9/20/2018 11:00,95
9/20/2018 12:00,89
9/20/2018 13:00,83
9/20/2018 14:00,81
9/20/2018 15:00,77
9/20/2018 16:00,87
9/20/2018 17:00,91
9/20/2018 18:00,96
9/20/2018 19:00,87
9/20/2018 20:00,68
9/20/2018 21:00,54
9/20/2018 22:00,49
9/20/2018 23:00,45
9/21/2018 0:00,24
9/21/2018 1:00,9
9/21/2018 2:00,13
9/21/2018 3:00,15
9/21/2018 4:00,10
9/21/2018 5:00,5
9/21/2018 6:00,2
9/21/2018 7:00,5
9/21/2018 8:00,11
9/21/2018 9:00,16
9/21/2018 10:00,21
9/21/2018 11:00,26
9/21/2018 12:00,41
9/21/2018 13:00,57
9/21/2018 14:00,52
9/21/2018 15:00,64
9/21/2018 16:00,59
9/21/2018 17:00,38
9/21/2018 18:00,24
9/21/2018 19:00,21
9/21/2018 20:00,24
9/21/2018 21:00,17
9/21/2018 22:00,16
9/21/2018 23:00,10
9/22/2018 0:00,6
9/22/2018 1:00,2
9/22/2018 2:00,17
9/22/2018 3:00,34
9/22/2018 4:00,26
9/22/2018 5:00,45
9/22/2018 6:00,49
9/22/2018 7:00,76
9/22/2018 8:00,88
9/22/2018 9:00,94
9/22/2018 10:00,94
9/22/2018 11:00,90
9/22/2018 12:00,90
9/22/2018 13:00,87
9/22/2018 14:00,91
9/22/2018 15:00,94
9/22/2018 16:00,100
9/22/2018 17:00,101
9/22/2018 18:00,98
9/22/2018 19:00,100
9/22/2018 20:00,102
9/22/2018 21:00,102
9/22/2018 22:00,103
9/22/2018 23:00,101
9/23/2018 0:00,101
9/23/2018 1:00,95
9/23/2018 2:00,92
9/23/2018 3:00,79
9/23/2018 4:00,78
9/23/2018 5:00,86
9/23/2018 6:00,83
9/23/2018 7:00,90
9/23/2018 8:00,81
9/23/2018 9:00,83
9/23/2018 10:00,93
9/23/2018 11:00,101
9/23/2018 12:00,99
9/23/2018 13:00,98
9/23/2018 14:00,84
9/23/2018 15:00,68
9/23/2018 16:00,57
9/23/2018 17:00,56
9/23/2018 18:00,61
9/23/2018 19:00,43
9/23/2018 20:00,35
9/23/2018 21:00,35
9/23/2018 22:00,23
9/23/2018 23:00,23
9/24/2018 0:00,19
9/24/2018 1:00,17
9/24/2018 2:00,20
9/24/2018 3:00,34
9/24/2018 4:00,40
9/24/2018 5:00,45
9/24/2018 6:00,42
9/24/2018 7:00,49
9/24/2018 8:00,47
9/24/2018 9:00,47
9/24/2018 10:00,51
9/24/2018 11:00,60
9/24/2018 12:00,45
9/24/2018 13:00,52
9/24/2018 14:00,45
9/24/2018 15:00,31
9/24/2018 16:00,22
9/24/2018 17:00,29
9/24/2018 18:00,33
9/24/2018 19:00,25
9/24/2018 20:00,19
9/24/2018 21:00,20
9/24/2018 22:00,17
9/24/2018 23:00,21
9/25/2018 0:00,24
9/25/2018 1:00,13
9/25/2018 2:00,8
9/25/2018 3:00,0
9/25/2018 4:00,6
9/25/2018 5:00,10
9/25/2018 6:00,9
9/25/2018 7:00,11
9/25/2018 8:00,11
9/25/2018 9:00,2
9/25/2018 10:00,0
9/25/2018 11:00,0
9/25/2018 12:00,0
9/25/2018 13:00,0
9/25/2018 14:00,0
9/25/2018 15:00,1
9/25/2018 16:00,1
9/25/2018 17:00,0
9/25/2018 18:00,0
9/25/2018 19:00,0
9/25/2018 20:00,0
9/25/2018 21:00,3
9/25/2018 22:00,2
9/25/2018 23:00,2
9/26/2018 0:00,1
9/26/2018 1:00,1
9/26/2018 2:00,1
9/26/2018 3:00,3
9/26/2018 4:00,2
9/26/2018 5:00,2
9/26/2018 6:00,0
9/26/2018 7:00,0
9/26/2018 8:00,0
9/26/2018 9:00,0
9/26/2018 10:00,0
9/26/2018 11:00,0
9/26/2018 12:00,0
9/26/2018 13:00,1
9/26/2018 14:00,2
9/26/2018 15:00,3
9/26/2018 16:00,4
9/26/2018 17:00,4
9/26/2018 18:00,1
9/26/2018 19:00,0
9/26/2018 20:00,3
9/26/2018 21:00,5
9/26/2018 22:00,4
9/26/2018 23:00,4
9/27/2018 0:00,2
9/27/2018 1:00,1
9/27/2018 2:00,0
9/27/2018 3:00,0
9/27/2018 4:00,0
9/27/2018 5:00,0
9/27/2018 6:00,0
9/27/2018 7:00,0
9/27/2018 8:00,0
9/27/2018 9:00,0
9/27/2018 10:00,0
9/27/2018 11:00,0
9/27/2018 12:00,0
9/27/2018 13:00,0
9/27/2018 14:00,0
9/27/2018 15:00,0
9/27/2018 16:00,0
9/27/2018 17:00,0
9/27/2018 18:00,0
9/27/2018 19:00,1
9/27/2018 20:00,11
9/27/2018 21:00,17
9/27/2018 22:00,17
9/27/2018 23:00,14
9/28/2018 0:00,11
9/28/2018 1:00,5
9/28/2018 2:00,8
9/28/2018 3:00,8
9/28/2018 4:00,43
9/28/2018 5:00,46
9/28/2018 6:00,35
9/28/2018 7:00,33
9/28/2018 8:00,33
9/28/2018 9:00,69
9/28/2018 10:00,62
9/28/2018 11:00,72
9/28/2018 12:00,80
9/28/2018 13:00,80
9/28/2018 14:00,80
9/28/2018 15:00,77
9/28/2018 16:00,65
9/28/2018 17:00,53
9/28/2018 18:00,20
9/28/2018 19:00,13
9/28/2018 20:00,2
9/28/2018 21:00,1
9/28/2018 22:00,7
9/28/2018 23:00,11
9/29/2018 0:00,13
9/29/2018 1:00,23
9/29/2018 2:00,45
9/29/2018 3:00,45
9/29/2018 4:00,57
9/29/2018 5:00,55
9/29/2018 6:00,58
9/29/2018 7:00,78
9/29/2018 8:00,87
9/29/2018 9:00,94
9/29/2018 10:00,99
9/29/2018 11:00,101
9/29/2018 12:00,101
9/29/2018 13:00,99
9/29/2018 14:00,96
9/29/2018 15:00,79
9/29/2018 16:00,73
9/29/2018 17:00,75
9/29/2018 18:00,78
9/29/2018 19:00,73
9/29/2018 20:00,70
9/29/2018 21:00,82
9/29/2018 22:00,97
9/29/2018 23:00,102
9/30/2018 0:00,102
9/30/2018 1:00,102
9/30/2018 2:00,103
9/30/2018 3:00,102
9/30/2018 4:00,103
9/30/2018 5:00,102
9/30/2018 6:00,102
9/30/2018 7:00,100
9/30/2018 8:00,101
9/30/2018 9:00,101
9/30/2018 10:00,99
9/30/2018 11:00,94
9/30/2018 12:00,87
9/30/2018 13:00,77
9/30/2018 14:00,64
9/30/2018 15:00,49
9/30/2018 16:00,25
9/30/2018 17:00,3
9/30/2018 18:00,0
9/30/2018 19:00,14
9/30/2018 20:00,7
9/30/2018 21:00,5
9/30/2018 22:00,3
9/30/2018 23:00,4
10/1/2018 0:00,5
10/1/2018 1:00,7
10/1/2018 2:00,0
10/1/2018 3:00,7
10/1/2018 4:00,21
10/1/2018 5:00,19
10/1/2018 6:00,17
10/1/2018 7:00,28
10/1/2018 8:00,45
10/1/2018 9:00,51
10/1/2018 10:00,45
10/1/2018 11:00,40
10/1/2018 12:00,43
10/1/2018 13:00,43
10/1/2018 14:00,52
10/1/2018 15:00,42
10/1/2018 16:00,39
10/1/2018 17:00,20
10/1/2018 18:00,9
10/1/2018 19:00,8
10/1/2018 20:00,13
10/1/2018 21:00,11
10/1/2018 22:00,17
10/1/2018 23:00,16
10/2/2018 0:00,19
10/2/2018 1:00,12
10/2/2018 2:00,13
10/2/2018 3:00,21
10/2/2018 4:00,26
10/2/2018 5:00,29
10/2/2018 6:00,24
10/2/2018 7:00,39
10/2/2018 8:00,33
10/2/2018 9:00,29
10/2/2018 10:00,32
10/2/2018 11:00,48
10/2/2018 12:00,47
10/2/2018 13:00,48
10/2/2018 14:00,71
10/2/2018 15:00,91
10/2/2018 16:00,91
10/2/2018 17:00,99
10/2/2018 18:00,99
10/2/2018 19:00,89
10/2/2018 20:00,84
10/2/2018 21:00,102
10/2/2018 22:00,95
10/2/2018 23:00,79
10/3/2018 0:00,41
10/3/2018 1:00,43
10/3/2018 2:00,82
10/3/2018 3:00,96
10/3/2018 4:00,97
10/3/2018 5:00,83
10/3/2018 6:00,82
10/3/2018 7:00,45
10/3/2018 8:00,28
10/3/2018 9:00,24
10/3/2018 10:00,25
10/3/2018 11:00,18
10/3/2018 12:00,16
10/3/2018 13:00,11
10/3/2018 14:00,5
10/3/2018 15:00,2
10/3/2018 16:00,8
10/3/2018 17:00,8
10/3/2018 18:00,1
10/3/2018 19:00,0
10/3/2018 20:00,1
10/3/2018 21:00,1
10/3/2018 22:00,0
10/3/2018 23:00,1
10/4/2018 0:00,0
10/4/2018 1:00,0
10/4/2018 2:00,1
10/4/2018 3:00,17
10/4/2018 4:00,26
10/4/2018 5:00,16
10/4/2018 6:00,10
10/4/2018 7:00,2
10/4/2018 8:00,0
10/4/2018 9:00,0
10/4/2018 10:00,0
10/4/2018 11:00,2
10/4/2018 12:00,1
10/4/2018 13:00,0
10/4/2018 14:00,0
10/4/2018 15:00,1
10/4/2018 16:00,5
10/4/2018 17:00,5
10/4/2018 18:00,12
10/4/2018 19:00,8
10/4/2018 20:00,3
10/4/2018 21:00,8
10/4/2018 22:00,14
10/4/2018 23:00,16
10/5/2018 0:00,18
10/5/2018 1:00,16
10/5/2018 2:00,15
10/5/2018 3:00,20
10/5/2018 4:00,25
10/5/2018 5:00,37
10/5/2018 6:00,32
10/5/2018 7:00,25
10/5/2018 8:00,12
10/5/2018 9:00,6
10/5/2018 10:00,9
10/5/2018 11:00,35
10/5/2018 12:00,58
10/5/2018 13:00,41
10/5/2018 14:00,26
10/5/2018 15:00,25
10/5/2018 16:00,26
10/5/2018 17:00,15
10/5/2018 18:00,24
10/5/2018 19:00,22
10/5/2018 20:00,11
10/5/2018 21:00,5
10/5/2018 22:00,3
10/5/2018 23:00,7
10/6/2018 0:00,22
10/6/2018 1:00,33
10/6/2018 2:00,16
10/6/2018 3:00,0
10/6/2018 4:00,0
10/6/2018 5:00,8
10/6/2018 6:00,16
10/6/2018 7:00,18
10/6/2018 8:00,21
10/6/2018 9:00,15
10/6/2018 10:00,16
10/6/2018 11:00,22
10/6/2018 12:00,16
10/6/2018 13:00,11
10/6/2018 14:00,10
10/6/2018 15:00,10
10/6/2018 16:00,8
10/6/2018 17:00,7
10/6/2018 18:00,10
10/6/2018 19:00,9
10/6/2018 20:00,3
10/6/2018 21:00,8
10/6/2018 22:00,6
10/6/2018 23:00,9
10/7/2018 0:00,4
10/7/2018 1:00,0
10/7/2018 2:00,0
10/7/2018 3:00,6
10/7/2018 4:00,12
10/7/2018 5:00,21
10/7/2018 6:00,23
10/7/2018 7:00,23
10/7/2018 8:00,16
10/7/2018 9:00,6
10/7/2018 10:00,2
10/7/2018 11:00,3
10/7/2018 12:00,2
10/7/2018 13:00,2
10/7/2018 14:00,1
10/7/2018 15:00,1
10/7/2018 16:00,1
10/7/2018 17:00,2
10/7/2018 18:00,8
10/7/2018 19:00,4
10/7/2018 20:00,0
10/7/2018 21:00,1
10/7/2018 22:00,0
10/7/2018 23:00,0
10/8/2018 0:00,0
10/8/2018 1:00,0
10/8/2018 2:00,0
10/8/2018 3:00,0
10/8/2018 4:00,0
10/8/2018 5:00,0
10/8/2018 6:00,0
10/8/2018 7:00,0
10/8/2018 8:00,0
10/8/2018 9:00,0
10/8/2018 10:00,0
10/8/2018 11:00,1
10/8/2018 12:00,0
10/8/2018 13:00,0
10/8/2018 14:00,1
10/8/2018 15:00,5
10/8/2018 16:00,3
10/8/2018 17:00,6
10/8/2018 18:00,0
10/8/2018 19:00,0
10/8/2018 20:00,0
10/8/2018 21:00,0
10/8/2018 22:00,0
10/8/2018 23:00,0
10/9/2018 0:00,3
10/9/2018 1:00,0
10/9/2018 2:00,0
10/9/2018 3:00,0
10/9/2018 4:00,0
10/9/2018 5:00,0
10/9/2018 6:00,1
10/9/2018 7:00,6
10/9/2018 8:00,14
10/9/2018 9:00,11
10/9/2018 10:00,12
10/9/2018 11:00,19
10/9/2018 12:00,22
10/9/2018 13:00,38
10/9/2018 14:00,60
10/9/2018 15:00,79
10/9/2018 16:00,91
10/9/2018 17:00,92
10/9/2018 18:00,91
10/9/2018 19:00,90
10/9/2018 20:00,85
10/9/2018 21:00,84
10/9/2018 22:00,87
10/9/2018 23:00,86
10/10/2018 0:00,89
10/10/2018 1:00,85
10/10/2018 2:00,71
10/10/2018 3:00,51
10/10/2018 4:00,26
10/10/2018 5:00,37
10/10/2018 6:00,45
10/10/2018 7:00,60
10/10/2018 8:00,56
10/10/2018 9:00,58
10/10/2018 10:00,60
10/10/2018 11:00,54
10/10/2018 12:00,53
10/10/2018 13:00,58
10/10/2018 14:00,53
10/10/2018 15:00,45
10/10/2018 16:00,37
10/10/2018 17:00,19
10/10/2018 18:00,9
10/10/2018 19:00,2
10/10/2018 20:00,1
10/10/2018 21:00,2
10/10/2018 22:00,8
10/10/2018 23:00,14
10/11/2018 0:00,8
10/11/2018 1:00,4
10/11/2018 2:00,1
10/11/2018 3:00,0
10/11/2018 4:00,1
10/11/2018 5:00,6
10/11/2018 6:00,8
10/11/2018 7:00,1
10/11/2018 8:00,1
10/11/2018 9:00,0
10/11/2018 10:00,0
10/11/2018 11:00,0
10/11/2018 12:00,0
10/11/2018 13:00,0
10/11/2018 14:00,0
10/11/2018 15:00,1
10/11/2018 16:00,2
10/11/2018 17:00,5
10/11/2018 18:00,8
10/11/2018 19:00,15
10/11/2018 20:00,16
10/11/2018 21:00,23
10/11/2018 22:00,32
10/11/2018 23:00,30
10/12/2018 0:00,29
10/12/2018 1:00,23
10/12/2018 2:00,35
10/12/2018 3:00,39
10/12/2018 4:00,30
10/12/2018 5:00,22
10/12/2018 6:00,9
10/12/2018 7:00,6
10/12/2018 8:00,3
10/12/2018 9:00,2
10/12/2018 10:00,8
10/12/2018 11:00,12
10/12/2018 12:00,27
10/12/2018 13:00,63
10/12/2018 14:00,81
10/12/2018 15:00,63
10/12/2018 16:00,68
10/12/2018 17:00,43
10/12/2018 18:00,40
10/12/2018 19:00,52
10/12/2018 20:00,66
10/12/2018 21:00,86
10/12/2018 22:00,57
10/12/2018 23:00,34
10/13/2018 0:00,34
10/13/2018 1:00,28
10/13/2018 2:00,26
10/13/2018 3:00,21
10/13/2018 4:00,19
10/13/2018 5:00,38
10/13/2018 6:00,87
10/13/2018 7:00,65
10/13/2018 8:00,16
10/13/2018 9:00,36
10/13/2018 10:00,74
10/13/2018 11:00,73
10/13/2018 12:00,60
10/13/2018 13:00,62
10/13/2018 14:00,59
10/13/2018 15:00,66
10/13/2018 16:00,61
10/13/2018 17:00,54
10/13/2018 18:00,53
10/13/2018 19:00,52
10/13/2018 20:00,32
10/13/2018 21:00,22
10/13/2018 22:00,25
10/13/2018 23:00,18
10/14/2018 0:00,24
10/14/2018 1:00,34
10/14/2018 2:00,22
10/14/2018 3:00,18
10/14/2018 4:00,11
10/14/2018 5:00,15
10/14/2018 6:00,17
10/14/2018 7:00,11
10/14/2018 8:00,5
10/14/2018 9:00,2
10/14/2018 10:00,3
10/14/2018 11:00,2
10/14/2018 12:00,0
10/14/2018 13:00,0
10/14/2018 14:00,0
10/14/2018 15:00,1
10/14/2018 16:00,3
10/14/2018 17:00,4
10/14/2018 18:00,1
10/14/2018 19:00,0
10/14/2018 20:00,4
10/14/2018 21:00,6
10/14/2018 22:00,7
10/14/2018 23:00,7
10/15/2018 0:00,9
10/15/2018 1:00,12
10/15/2018 2:00,12
10/15/2018 3:00,17
10/15/2018 4:00,12
10/15/2018 5:00,11
10/15/2018 6:00,3
10/15/2018 7:00,1
10/15/2018 8:00,0
10/15/2018 9:00,1
10/15/2018 10:00,0
10/15/2018 11:00,1
10/15/2018 12:00,7
10/15/2018 13:00,10
10/15/2018 14:00,25
10/15/2018 15:00,14
10/15/2018 16:00,16
10/15/2018 17:00,17
10/15/2018 18:00,7
10/15/2018 19:00,0
10/15/2018 20:00,0
10/15/2018 21:00,0
10/15/2018 22:00,0
10/15/2018 23:00,0
10/16/2018 0:00,0
10/16/2018 1:00,0
10/16/2018 2:00,0
10/16/2018 3:00,0
10/16/2018 4:00,0
10/16/2018 5:00,0
10/16/2018 6:00,0
10/16/2018 7:00,0
10/16/2018 8:00,0
10/16/2018 9:00,0
10/16/2018 10:00,0
10/16/2018 11:00,2
10/16/2018 12:00,3
10/16/2018 13:00,7
10/16/2018 14:00,8
10/16/2018 15:00,10
10/16/2018 16:00,10
10/16/2018 17:00,6
10/16/2018 18:00,1
10/16/2018 19:00,0
10/16/2018 20:00,0
10/16/2018 21:00,0
10/16/2018 22:00,0
10/16/2018 23:00,0
10/17/2018 0:00,0
10/17/2018 1:00,0
10/17/2018 2:00,5
10/17/2018 3:00,8
10/17/2018 4:00,14
10/17/2018 5:00,12
10/17/2018 6:00,14
10/17/2018 7:00,17
10/17/2018 8:00,15
10/17/2018 9:00,9
10/17/2018 10:00,5
10/17/2018 11:00,5
10/17/2018 12:00,3
10/17/2018 13:00,4
10/17/2018 14:00,4
10/17/2018 15:00,2
10/17/2018 16:00,2
10/17/2018 17:00,1
10/17/2018 18:00,0
10/17/2018 19:00,0
10/17/2018 20:00,0
10/17/2018 21:00,0
10/17/2018 22:00,0
10/17/2018 23:00,0
10/18/2018 0:00,0
10/18/2018 1:00,0
10/18/2018 2:00,0
10/18/2018 3:00,0
10/18/2018 4:00,2
10/18/2018 5:00,2
10/18/2018 6:00,1
10/18/2018 7:00,0
10/18/2018 8:00,0
10/18/2018 9:00,0
10/18/2018 10:00,0
10/18/2018 11:00,0
10/18/2018 12:00,0
10/18/2018 13:00,2
10/18/2018 14:00,0
10/18/2018 15:00,2
10/18/2018 16:00,4
10/18/2018 17:00,2
10/18/2018 18:00,4
10/18/2018 19:00,2
10/18/2018 20:00,0
10/18/2018 21:00,0
10/18/2018 22:00,0
10/18/2018 23:00,1
10/19/2018 0:00,0
10/19/2018 1:00,0
10/19/2018 2:00,0
10/19/2018 3:00,0
10/19/2018 4:00,0
10/19/2018 5:00,0
10/19/2018 6:00,0
10/19/2018 7:00,0
10/19/2018 8:00,0
10/19/2018 9:00,0
10/19/2018 10:00,0
10/19/2018 11:00,0
10/19/2018 12:00,0
10/19/2018 13:00,2
10/19/2018 14:00,4
10/19/2018 15:00,8
10/19/2018 16:00,3
10/19/2018 17:00,7
10/19/2018 18:00,2
10/19/2018 19:00,0
10/19/2018 20:00,0
10/19/2018 21:00,0
10/19/2018 22:00,0
10/19/2018 23:00,0
10/20/2018 0:00,0
10/20/2018 1:00,0
10/20/2018 2:00,0
10/20/2018 3:00,0
10/20/2018 4:00,0
10/20/2018 5:00,0
10/20/2018 6:00,0
10/20/2018 7:00,0
10/20/2018 8:00,3
10/20/2018 9:00,8
10/20/2018 10:00,9
10/20/2018 11:00,7
10/20/2018 12:00,13
10/20/2018 13:00,21
10/20/2018 14:00,16
10/20/2018 15:00,25
10/20/2018 16:00,23
10/20/2018 17:00,21
10/20/2018 18:00,7
10/20/2018 19:00,0
10/20/2018 20:00,0
10/20/2018 21:00,0
10/20/2018 22:00,3
10/20/2018 23:00,3
10/21/2018 0:00,1
10/21/2018 1:00,0
10/21/2018 2:00,0
10/21/2018 3:00,0
10/21/2018 4:00,2
10/21/2018 5:00,4
10/21/2018 6:00,8
10/21/2018 7:00,5
10/21/2018 8:00,4
10/21/2018 9:00,0
10/21/2018 10:00,0
10/21/2018 11:00,0
10/21/2018 12:00,1
10/21/2018 13:00,0
10/21/2018 14:00,2
10/21/2018 15:00,2
10/21/2018 16:00,2
10/21/2018 17:00,0
10/21/2018 18:00,0
10/21/2018 19:00,0
10/21/2018 20:00,0
10/21/2018 21:00,0
10/21/2018 22:00,0
10/21/2018 23:00,0
10/22/2018 0:00,0
10/22/2018 1:00,4
10/22/2018 2:00,4
10/22/2018 3:00,0
10/22/2018 4:00,0
10/22/2018 5:00,0
10/22/2018 6:00,2
10/22/2018 7:00,1
10/22/2018 8:00,2
10/22/2018 9:00,4
10/22/2018 10:00,3
10/22/2018 11:00,2
10/22/2018 12:00,2
10/22/2018 13:00,1
10/22/2018 14:00,2
10/22/2018 15:00,2
10/22/2018 16:00,0
10/22/2018 17:00,1
10/22/2018 18:00,0
10/22/2018 19:00,0
10/22/2018 20:00,0
10/22/2018 21:00,0
10/22/2018 22:00,0
10/22/2018 23:00,0
10/23/2018 0:00,0
10/23/2018 1:00,9
10/23/2018 2:00,13
10/23/2018 3:00,6
10/23/2018 4:00,7
10/23/2018 5:00,5
10/23/2018 6:00,2
10/23/2018 7:00,4
10/23/2018 8:00,8
10/23/2018 9:00,2
10/23/2018 10:00,0
10/23/2018 11:00,0
10/23/2018 12:00,0
10/23/2018 13:00,7
10/23/2018 14:00,6
10/23/2018 15:00,1
10/23/2018 16:00,0
10/23/2018 17:00,0
10/23/2018 18:00,0
10/23/2018 19:00,0
10/23/2018 20:00,0
10/23/2018 21:00,0
10/23/2018 22:00,5
10/23/2018 23:00,10
10/24/2018 0:00,6
10/24/2018 1:00,3
10/24/2018 2:00,10
10/24/2018 3:00,13
10/24/2018 4:00,24
10/24/2018 5:00,27
10/24/2018 6:00,30
10/24/2018 7:00,25
10/24/2018 8:00,19
10/24/2018 9:00,29
10/24/2018 10:00,70
10/24/2018 11:00,75
10/24/2018 12:00,67
10/24/2018 13:00,40
10/24/2018 14:00,39
10/24/2018 15:00,27
10/24/2018 16:00,33
10/24/2018 17:00,29
10/24/2018 18:00,31
10/24/2018 19:00,25
10/24/2018 20:00,23
10/24/2018 21:00,24
10/24/2018 22:00,31
10/24/2018 23:00,32
10/25/2018 0:00,40
10/25/2018 1:00,28
10/25/2018 2:00,34
10/25/2018 3:00,36
10/25/2018 4:00,58
10/25/2018 5:00,39
10/25/2018 6:00,30
10/25/2018 7:00,27
10/25/2018 8:00,20
10/25/2018 9:00,24
10/25/2018 10:00,23
10/25/2018 11:00,31
10/25/2018 12:00,41
10/25/2018 13:00,39
10/25/2018 14:00,46
10/25/2018 15:00,27
10/25/2018 16:00,34
10/25/2018 17:00,19
10/25/2018 18:00,20
10/25/2018 19:00,36
10/25/2018 20:00,36
10/25/2018 21:00,33
10/25/2018 22:00,23
10/25/2018 23:00,18
10/26/2018 0:00,25
10/26/2018 1:00,59
10/26/2018 2:00,38
10/26/2018 3:00,33
10/26/2018 4:00,24
10/26/2018 5:00,29
10/26/2018 6:00,19
10/26/2018 7:00,6
10/26/2018 8:00,2
10/26/2018 9:00,1
10/26/2018 10:00,4
10/26/2018 11:00,6
10/26/2018 12:00,13
10/26/2018 13:00,43
10/26/2018 14:00,56
10/26/2018 15:00,67
10/26/2018 16:00,57
10/26/2018 17:00,60
10/26/2018 18:00,75
10/26/2018 19:00,83
10/26/2018 20:00,90
10/26/2018 21:00,72
10/26/2018 22:00,71
10/26/2018 23:00,86
10/27/2018 0:00,78
10/27/2018 1:00,85
10/27/2018 2:00,88
10/27/2018 3:00,97
10/27/2018 4:00,97
10/27/2018 5:00,88
10/27/2018 6:00,83
10/27/2018 7:00,63
10/27/2018 8:00,84
10/27/2018 9:00,67
10/27/2018 10:00,41
10/27/2018 11:00,36
10/27/2018 12:00,43
10/27/2018 13:00,33
10/27/2018 14:00,17
10/27/2018 15:00,9
10/27/2018 16:00,9
10/27/2018 17:00,6
10/27/2018 18:00,1
10/27/2018 19:00,0
10/27/2018 20:00,1
10/27/2018 21:00,1
10/27/2018 22:00,1
10/27/2018 23:00,1
10/28/2018 0:00,6
10/28/2018 1:00,27
10/28/2018 2:00,31
10/28/2018 3:00,39
10/28/2018 4:00,63
10/28/2018 5:00,68
10/28/2018 6:00,79
10/28/2018 7:00,83
10/28/2018 8:00,90
10/28/2018 9:00,95
10/28/2018 10:00,77
10/28/2018 11:00,74
10/28/2018 12:00,65
10/28/2018 13:00,70
10/28/2018 14:00,78
10/28/2018 15:00,73
10/28/2018 16:00,98
10/28/2018 17:00,99
10/28/2018 18:00,87
10/28/2018 19:00,76
10/28/2018 20:00,61
10/28/2018 21:00,94
10/28/2018 22:00,91
10/28/2018 23:00,91
10/29/2018 0:00,69
10/29/2018 1:00,81
10/29/2018 2:00,82
10/29/2018 3:00,100
10/29/2018 4:00,96
10/29/2018 5:00,78
10/29/2018 6:00,46
10/29/2018 7:00,58
10/29/2018 8:00,65
10/29/2018 9:00,73
10/29/2018 10:00,53
10/29/2018 11:00,24
10/29/2018 12:00,21
10/29/2018 13:00,59
10/29/2018 14:00,85
10/29/2018 15:00,97
10/29/2018 16:00,90
10/29/2018 17:00,95
10/29/2018 18:00,80
10/29/2018 19:00,77
10/29/2018 20:00,80
10/29/2018 21:00,74
10/29/2018 22:00,78
10/29/2018 23:00,71
10/30/2018 0:00,71
10/30/2018 1:00,65
10/30/2018 2:00,64
10/30/2018 3:00,60
10/30/2018 4:00,66
10/30/2018 5:00,73
10/30/2018 6:00,64
10/30/2018 7:00,45
10/30/2018 8:00,52
10/30/2018 9:00,59
10/30/2018 10:00,73
10/30/2018 11:00,72
10/30/2018 12:00,69
10/30/2018 13:00,76
10/30/2018 14:00,70
10/30/2018 15:00,69
10/30/2018 16:00,63
10/30/2018 17:00,43
10/30/2018 18:00,45
10/30/2018 19:00,37
10/30/2018 20:00,44
10/30/2018 21:00,40
10/30/2018 22:00,34
10/30/2018 23:00,31
10/31/2018 0:00,18
10/31/2018 1:00,12
10/31/2018 2:00,13
10/31/2018 3:00,13
10/31/2018 4:00,11
10/31/2018 5:00,8
10/31/2018 6:00,18
10/31/2018 7:00,30
10/31/2018 8:00,66
10/31/2018 9:00,77
10/31/2018 10:00,62
10/31/2018 11:00,52
10/31/2018 12:00,51
10/31/2018 13:00,72
10/31/2018 14:00,75
10/31/2018 15:00,70
10/31/2018 16:00,76
10/31/2018 17:00,80
10/31/2018 18:00,91
10/31/2018 19:00,86
10/31/2018 20:00,90
10/31/2018 21:00,97
10/31/2018 22:00,96
10/31/2018 23:00,90
11/1/2018 0:00,80
11/1/2018 1:00,65
11/1/2018 2:00,72
11/1/2018 3:00,69
11/1/2018 4:00,84
11/1/2018 5:00,88
11/1/2018 6:00,96
11/1/2018 7:00,92
11/1/2018 8:00,78
11/1/2018 9:00,91
11/1/2018 10:00,91
11/1/2018 11:00,80
11/1/2018 12:00,90
11/1/2018 13:00,82
11/1/2018 14:00,59
11/1/2018 15:00,54
11/1/2018 16:00,51
11/1/2018 17:00,44
11/1/2018 18:00,59
11/1/2018 19:00,67
11/1/2018 20:00,75
11/1/2018 21:00,94
11/1/2018 22:00,101
11/1/2018 23:00,102
11/2/2018 0:00,102
11/2/2018 1:00,103
11/2/2018 2:00,102
11/2/2018 3:00,102
11/2/2018 4:00,102
11/2/2018 5:00,103
11/2/2018 6:00,102
11/2/2018 7:00,103
11/2/2018 8:00,102
11/2/2018 9:00,102
11/2/2018 10:00,103
11/2/2018 11:00,102
11/2/2018 12:00,102
11/2/2018 13:00,96
11/2/2018 14:00,69
11/2/2018 15:00,72
11/2/2018 16:00,25
11/2/2018 17:00,49
11/2/2018 18:00,96
11/2/2018 19:00,103
11/2/2018 20:00,101
11/2/2018 21:00,101
11/2/2018 22:00,103
11/2/2018 23:00,101
11/3/2018 0:00,98
11/3/2018 1:00,99
11/3/2018 2:00,94
11/3/2018 3:00,98
11/3/2018 4:00,101
11/3/2018 5:00,102
11/3/2018 6:00,100
11/3/2018 7:00,97
11/3/2018 8:00,98
11/3/2018 9:00,102
11/3/2018 10:00,102
11/3/2018 11:00,98
11/3/2018 12:00,90
11/3/2018 13:00,96
11/3/2018 14:00,88
11/3/2018 15:00,89
11/3/2018 16:00,74
11/3/2018 17:00,54
11/3/2018 18:00,56
11/3/2018 19:00,65
11/3/2018 20:00,84
11/3/2018 21:00,90
11/3/2018 22:00,77
11/3/2018 23:00,93
11/4/2018 0:00,86
11/4/2018 1:00,83
11/4/2018 2:00,90
11/4/2018 3:00,87
11/4/2018 4:00,83
11/4/2018 5:00,53
11/4/2018 6:00,89
11/4/2018 7:00,101
11/4/2018 8:00,101
11/4/2018 9:00,101
11/4/2018 10:00,99
11/4/2018 11:00,102
11/4/2018 12:00,102
11/4/2018 13:00,103
11/4/2018 14:00,88
11/4/2018 15:00,101
11/4/2018 16:00,100
11/4/2018 17:00,98
11/4/2018 18:00,100
11/4/2018 19:00,100
11/4/2018 20:00,101
11/4/2018 21:00,101
11/4/2018 22:00,100
11/4/2018 23:00,101
11/5/2018 0:00,100
11/5/2018 1:00,100
11/5/2018 2:00,90
11/5/2018 3:00,87
11/5/2018 4:00,93
11/5/2018 5:00,95
11/5/2018 6:00,91
11/5/2018 7:00,86
11/5/2018 8:00,84
11/5/2018 9:00,71
11/5/2018 10:00,64
11/5/2018 11:00,77
11/5/2018 12:00,83
11/5/2018 13:00,87
11/5/2018 14:00,90
11/5/2018 15:00,92
11/5/2018 16:00,90
11/5/2018 17:00,94
11/5/2018 18:00,74
11/5/2018 19:00,62
11/5/2018 20:00,93
11/5/2018 21:00,95
11/5/2018 22:00,83
11/5/2018 23:00,72
11/6/2018 0:00,37
11/6/2018 1:00,59
11/6/2018 2:00,56
11/6/2018 3:00,36
11/6/2018 4:00,40
11/6/2018 5:00,43
11/6/2018 6:00,54
11/6/2018 7:00,65
11/6/2018 8:00,82
11/6/2018 9:00,77
11/6/2018 10:00,84
11/6/2018 11:00,78
11/6/2018 12:00,74
11/6/2018 13:00,62
11/6/2018 14:00,63
11/6/2018 15:00,43
11/6/2018 16:00,60
11/6/2018 17:00,63
11/6/2018 18:00,76
11/6/2018 19:00,77
11/6/2018 20:00,64
11/6/2018 21:00,62
11/6/2018 22:00,58
11/6/2018 23:00,63
11/7/2018 0:00,44
11/7/2018 1:00,46
11/7/2018 2:00,54
11/7/2018 3:00,59
11/7/2018 4:00,89
11/7/2018 5:00,16
11/7/2018 6:00,1
11/7/2018 7:00,19
11/7/2018 8:00,60
11/7/2018 9:00,47
11/7/2018 10:00,61
11/7/2018 11:00,59
11/7/2018 12:00,55
11/7/2018 13:00,37
11/7/2018 14:00,19
11/7/2018 15:00,13
11/7/2018 16:00,12
11/7/2018 17:00,12
11/7/2018 18:00,1
11/7/2018 19:00,0
11/7/2018 20:00,0
11/7/2018 21:00,0
11/7/2018 22:00,0
11/7/2018 23:00,2
11/8/2018 0:00,5
11/8/2018 1:00,9
11/8/2018 2:00,12
11/8/2018 3:00,17
11/8/2018 4:00,18
11/8/2018 5:00,18
11/8/2018 6:00,11
11/8/2018 7:00,4
11/8/2018 8:00,8
11/8/2018 9:00,6
11/8/2018 10:00,0
11/8/2018 11:00,0
11/8/2018 12:00,0
11/8/2018 13:00,0
11/8/2018 14:00,0
11/8/2018 15:00,0
11/8/2018 16:00,0
11/8/2018 17:00,5
11/8/2018 18:00,1
11/8/2018 19:00,3
11/8/2018 20:00,2
11/8/2018 21:00,1
11/8/2018 22:00,1
11/8/2018 23:00,0
11/9/2018 0:00,1
11/9/2018 1:00,0
11/9/2018 2:00,0
11/9/2018 3:00,1
11/9/2018 4:00,7
11/9/2018 5:00,19
11/9/2018 6:00,32
11/9/2018 7:00,40
11/9/2018 8:00,50
11/9/2018 9:00,55
11/9/2018 10:00,60
11/9/2018 11:00,72
11/9/2018 12:00,74
11/9/2018 13:00,77
11/9/2018 14:00,80
11/9/2018 15:00,79
11/9/2018 16:00,91
11/9/2018 17:00,77
11/9/2018 18:00,75
11/9/2018 19:00,79
11/9/2018 20:00,87
11/9/2018 21:00,76
11/9/2018 22:00,50
11/9/2018 23:00,2
11/10/2018 0:00,5
11/10/2018 1:00,19
11/10/2018 2:00,14
11/10/2018 3:00,4
11/10/2018 4:00,10
11/10/2018 5:00,2
11/10/2018 6:00,1
11/10/2018 7:00,0
11/10/2018 8:00,0
11/10/2018 9:00,0
11/10/2018 10:00,1
11/10/2018 11:00,3
11/10/2018 12:00,1
11/10/2018 13:00,0
11/10/2018 14:00,0
11/10/2018 15:00,0
11/10/2018 16:00,0
11/10/2018 17:00,0
11/10/2018 18:00,0
11/10/2018 19:00,0
11/10/2018 20:00,1
11/10/2018 21:00,1
11/10/2018 22:00,2
11/10/2018 23:00,4
11/11/2018 0:00,3
11/11/2018 1:00,3
11/11/2018 2:00,3
11/11/2018 3:00,2
11/11/2018 4:00,0
11/11/2018 5:00,3
11/11/2018 6:00,2
11/11/2018 7:00,2
11/11/2018 8:00,0
11/11/2018 9:00,0
11/11/2018 10:00,0
11/11/2018 11:00,0
11/11/2018 12:00,1
11/11/2018 13:00,2
11/11/2018 14:00,1
11/11/2018 15:00,0
11/11/2018 16:00,0
11/11/2018 17:00,0
11/11/2018 18:00,0
11/11/2018 19:00,0
11/11/2018 20:00,0
11/11/2018 21:00,0
11/11/2018 22:00,0
11/11/2018 23:00,0
11/12/2018 0:00,0
11/12/2018 1:00,1
11/12/2018 2:00,2
11/12/2018 3:00,6
11/12/2018 4:00,7
11/12/2018 5:00,13
11/12/2018 6:00,15
11/12/2018 7:00,12
11/12/2018 8:00,6
11/12/2018 9:00,3
11/12/2018 10:00,3
11/12/2018 11:00,5
11/12/2018 12:00,7
11/12/2018 13:00,6
11/12/2018 14:00,4
11/12/2018 15:00,1
11/12/2018 16:00,2
11/12/2018 17:00,9
11/12/2018 18:00,13
11/12/2018 19:00,7
11/12/2018 20:00,3
11/12/2018 21:00,0
11/12/2018 22:00,0
11/12/2018 23:00,0
11/13/2018 0:00,2
11/13/2018 1:00,5
11/13/2018 2:00,7
11/13/2018 3:00,4
11/13/2018 4:00,11
11/13/2018 5:00,16
11/13/2018 6:00,17
11/13/2018 7:00,12
11/13/2018 8:00,21
11/13/2018 9:00,23
11/13/2018 10:00,43
11/13/2018 11:00,44
11/13/2018 12:00,55
11/13/2018 13:00,51
11/13/2018 14:00,35
11/13/2018 15:00,45
11/13/2018 16:00,52
11/13/2018 17:00,30
11/13/2018 18:00,16
11/13/2018 19:00,12
11/13/2018 20:00,8
11/13/2018 21:00,0
11/13/2018 22:00,1
11/13/2018 23:00,0
11/14/2018 0:00,1
11/14/2018 1:00,28
11/14/2018 2:00,32
11/14/2018 3:00,25
11/14/2018 4:00,11
11/14/2018 5:00,38
11/14/2018 6:00,52
11/14/2018 7:00,22
11/14/2018 8:00,26
11/14/2018 9:00,54
11/14/2018 10:00,21
11/14/2018 11:00,21
11/14/2018 12:00,22
11/14/2018 13:00,63
11/14/2018 14:00,52
11/14/2018 15:00,52
11/14/2018 16:00,37
11/14/2018 17:00,44
11/14/2018 18:00,49
11/14/2018 19:00,67
11/14/2018 20:00,78
11/14/2018 21:00,84
11/14/2018 22:00,93
11/14/2018 23:00,98
11/15/2018 0:00,87
11/15/2018 1:00,83
11/15/2018 2:00,63
11/15/2018 3:00,47
11/15/2018 4:00,41
11/15/2018 5:00,63
11/15/2018 6:00,50
11/15/2018 7:00,27
11/15/2018 8:00,36
11/15/2018 9:00,62
11/15/2018 10:00,65
11/15/2018 11:00,58
11/15/2018 12:00,57
11/15/2018 13:00,38
11/15/2018 14:00,27
11/15/2018 15:00,25
11/15/2018 16:00,29
11/15/2018 17:00,26
11/15/2018 18:00,12
11/15/2018 19:00,20
11/15/2018 20:00,31
11/15/2018 21:00,21
11/15/2018 22:00,20
11/15/2018 23:00,11
11/16/2018 0:00,9
11/16/2018 1:00,2
11/16/2018 2:00,8
11/16/2018 3:00,31
11/16/2018 4:00,63
11/16/2018 5:00,71
11/16/2018 6:00,53
11/16/2018 7:00,49
11/16/2018 8:00,89
11/16/2018 9:00,91
11/16/2018 10:00,82
11/16/2018 11:00,67
11/16/2018 12:00,25
11/16/2018 13:00,2
11/16/2018 14:00,0
11/16/2018 15:00,0
11/16/2018 16:00,1
11/16/2018 17:00,16
11/16/2018 18:00,29
11/16/2018 19:00,20
11/16/2018 20:00,6
11/16/2018 21:00,4
11/16/2018 22:00,5
11/16/2018 23:00,0
11/17/2018 0:00,0
11/17/2018 1:00,8
11/17/2018 2:00,14
11/17/2018 3:00,12
11/17/2018 4:00,11
11/17/2018 5:00,24
11/17/2018 6:00,49
11/17/2018 7:00,51
11/17/2018 8:00,67
11/17/2018 9:00,72
11/17/2018 10:00,72
11/17/2018 11:00,72
11/17/2018 12:00,69
11/17/2018 13:00,71
11/17/2018 14:00,65
11/17/2018 15:00,49
11/17/2018 16:00,29
11/17/2018 17:00,17
11/17/2018 18:00,5
11/17/2018 19:00,1
11/17/2018 20:00,0
11/17/2018 21:00,0
11/17/2018 22:00,0
11/17/2018 23:00,0
11/18/2018 0:00,0
11/18/2018 1:00,0
11/18/2018 2:00,5
11/18/2018 3:00,6
11/18/2018 4:00,4
11/18/2018 5:00,2
11/18/2018 6:00,1
11/18/2018 7:00,0
11/18/2018 8:00,0
11/18/2018 9:00,0
11/18/2018 10:00,0
11/18/2018 11:00,0
11/18/2018 12:00,6
11/18/2018 13:00,12
11/18/2018 14:00,15
11/18/2018 15:00,36
11/18/2018 16:00,39
11/18/2018 17:00,29
11/18/2018 18:00,22
11/18/2018 19:00,12
11/18/2018 20:00,6
11/18/2018 21:00,0
11/18/2018 22:00,0
11/18/2018 23:00,0
11/19/2018 0:00,0
11/19/2018 1:00,0
11/19/2018 2:00,0
11/19/2018 3:00,0
11/19/2018 4:00,0
11/19/2018 5:00,1
11/19/2018 6:00,1
11/19/2018 7:00,1
11/19/2018 8:00,1
11/19/2018 9:00,4
11/19/2018 10:00,2
11/19/2018 11:00,2
11/19/2018 12:00,4
11/19/2018 13:00,6
11/19/2018 14:00,9
11/19/2018 15:00,11
11/19/2018 16:00,17
11/19/2018 17:00,21
11/19/2018 18:00,18
11/19/2018 19:00,1
11/19/2018 20:00,0
11/19/2018 21:00,0
11/19/2018 22:00,0
11/19/2018 23:00,0
11/20/2018 0:00,0
11/20/2018 1:00,0
11/20/2018 2:00,0
11/20/2018 3:00,0
11/20/2018 4:00,1
11/20/2018 5:00,4
11/20/2018 6:00,6
11/20/2018 7:00,7
11/20/2018 8:00,5
11/20/2018 9:00,6
11/20/2018 10:00,13
11/20/2018 11:00,34
11/20/2018 12:00,53
11/20/2018 13:00,47
11/20/2018 14:00,35
11/20/2018 15:00,18
11/20/2018 16:00,14
11/20/2018 17:00,19
11/20/2018 18:00,13
11/20/2018 19:00,5
11/20/2018 20:00,0
11/20/2018 21:00,0
11/20/2018 22:00,0
11/20/2018 23:00,0
11/21/2018 0:00,0
11/21/2018 1:00,2
11/21/2018 2:00,1
11/21/2018 3:00,0
11/21/2018 4:00,2
11/21/2018 5:00,5
11/21/2018 6:00,12
11/21/2018 7:00,28
11/21/2018 8:00,37
11/21/2018 9:00,42
11/21/2018 10:00,58
11/21/2018 11:00,68
11/21/2018 12:00,81
11/21/2018 13:00,87
11/21/2018 14:00,85
11/21/2018 15:00,92
11/21/2018 16:00,96
11/21/2018 17:00,93
11/21/2018 18:00,93
11/21/2018 19:00,64
11/21/2018 20:00,40
11/21/2018 21:00,25
11/21/2018 22:00,11
11/21/2018 23:00,15
11/22/2018 0:00,21
11/22/2018 1:00,50
11/22/2018 2:00,66
11/22/2018 3:00,88
11/22/2018 4:00,87
11/22/2018 5:00,70
11/22/2018 6:00,19
11/22/2018 7:00,7
11/22/2018 8:00,23
11/22/2018 9:00,18
11/22/2018 10:00,39
11/22/2018 11:00,48
11/22/2018 12:00,56
11/22/2018 13:00,71
11/22/2018 14:00,27
11/22/2018 15:00,50
11/22/2018 16:00,39
11/22/2018 17:00,23
11/22/2018 18:00,44
11/22/2018 19:00,47
11/22/2018 20:00,53
11/22/2018 21:00,55
11/22/2018 22:00,22
11/22/2018 23:00,11
11/23/2018 0:00,36
11/23/2018 1:00,69
11/23/2018 2:00,89
11/23/2018 3:00,96
11/23/2018 4:00,39
11/23/2018 5:00,89
11/23/2018 6:00,87
11/23/2018 7:00,101
11/23/2018 8:00,103
11/23/2018 9:00,102
11/23/2018 10:00,103
11/23/2018 11:00,102
11/23/2018 12:00,102
11/23/2018 13:00,102
11/23/2018 14:00,102
11/23/2018 15:00,102
11/23/2018 16:00,101
11/23/2018 17:00,102
11/23/2018 18:00,88
11/23/2018 19:00,68
11/23/2018 20:00,43
11/23/2018 21:00,28
11/23/2018 22:00,26
11/23/2018 23:00,20
11/24/2018 0:00,6
11/24/2018 1:00,0
11/24/2018 2:00,0
11/24/2018 3:00,0
11/24/2018 4:00,2
11/24/2018 5:00,23
11/24/2018 6:00,32
11/24/2018 7:00,57
11/24/2018 8:00,70
11/24/2018 9:00,54
11/24/2018 10:00,31
11/24/2018 11:00,15
11/24/2018 12:00,9
11/24/2018 13:00,4
11/24/2018 14:00,2
11/24/2018 15:00,2
11/24/2018 16:00,1
11/24/2018 17:00,1
11/24/2018 18:00,3
11/24/2018 19:00,10
11/24/2018 20:00,13
11/24/2018 21:00,16
11/24/2018 22:00,14
11/24/2018 23:00,10
11/25/2018 0:00,7
11/25/2018 1:00,4
11/25/2018 2:00,1
11/25/2018 3:00,6
11/25/2018 4:00,5
11/25/2018 5:00,9
11/25/2018 6:00,23
11/25/2018 7:00,28
11/25/2018 8:00,23
11/25/2018 9:00,18
11/25/2018 10:00,23
11/25/2018 11:00,27
11/25/2018 12:00,41
11/25/2018 13:00,53
11/25/2018 14:00,58
11/25/2018 15:00,63
11/25/2018 16:00,64
11/25/2018 17:00,57
11/25/2018 18:00,52
11/25/2018 19:00,57
11/25/2018 20:00,45
11/25/2018 21:00,34
11/25/2018 22:00,25
11/25/2018 23:00,21
11/26/2018 0:00,27
11/26/2018 1:00,27
11/26/2018 2:00,48
11/26/2018 3:00,53
11/26/2018 4:00,68
11/26/2018 5:00,67
11/26/2018 6:00,65
11/26/2018 7:00,69
11/26/2018 8:00,76
11/26/2018 9:00,75
11/26/2018 10:00,76
11/26/2018 11:00,74
11/26/2018 12:00,90
11/26/2018 13:00,80
11/26/2018 14:00,88
11/26/2018 15:00,96
11/26/2018 16:00,98
11/26/2018 17:00,96
11/26/2018 18:00,98
11/26/2018 19:00,99
11/26/2018 20:00,97
11/26/2018 21:00,99
11/26/2018 22:00,96
11/26/2018 23:00,89
11/27/2018 0:00,92
11/27/2018 1:00,95
11/27/2018 2:00,103
11/27/2018 3:00,96
11/27/2018 4:00,101
11/27/2018 5:00,102
11/27/2018 6:00,101
11/27/2018 7:00,90
11/27/2018 8:00,100
11/27/2018 9:00,103
11/27/2018 10:00,101
11/27/2018 11:00,102
11/27/2018 12:00,103
11/27/2018 13:00,102
11/27/2018 14:00,100
11/27/2018 15:00,100
11/27/2018 16:00,102
11/27/2018 17:00,103
11/27/2018 18:00,103
11/27/2018 19:00,100
11/27/2018 20:00,99
11/27/2018 21:00,98
11/27/2018 22:00,89
11/27/2018 23:00,83
11/28/2018 0:00,61
11/28/2018 1:00,60
11/28/2018 2:00,69
11/28/2018 3:00,74
11/28/2018 4:00,80
11/28/2018 5:00,78
11/28/2018 6:00,81
11/28/2018 7:00,79
11/28/2018 8:00,99
11/28/2018 9:00,94
11/28/2018 10:00,80
11/28/2018 11:00,81
11/28/2018 12:00,82
11/28/2018 13:00,86
11/28/2018 14:00,87
11/28/2018 15:00,82
11/28/2018 16:00,56
11/28/2018 17:00,29
11/28/2018 18:00,26
11/28/2018 19:00,32
11/28/2018 20:00,26
11/28/2018 21:00,18
11/28/2018 22:00,11
11/28/2018 23:00,9
11/29/2018 0:00,3
11/29/2018 1:00,16
11/29/2018 2:00,25
11/29/2018 3:00,27
11/29/2018 4:00,35
11/29/2018 5:00,43
11/29/2018 6:00,64
11/29/2018 7:00,52
11/29/2018 8:00,39
11/29/2018 9:00,27
11/29/2018 10:00,28
11/29/2018 11:00,29
11/29/2018 12:00,35
11/29/2018 13:00,38
11/29/2018 14:00,33
11/29/2018 15:00,23
11/29/2018 16:00,28
11/29/2018 17:00,36
11/29/2018 18:00,31
11/29/2018 19:00,20
11/29/2018 20:00,14
11/29/2018 21:00,8
11/29/2018 22:00,7
11/29/2018 23:00,4
11/30/2018 0:00,9
11/30/2018 1:00,11
11/30/2018 2:00,4
11/30/2018 3:00,0
11/30/2018 4:00,0
11/30/2018 5:00,1
11/30/2018 6:00,5
11/30/2018 7:00,2
11/30/2018 8:00,0
11/30/2018 9:00,0
11/30/2018 10:00,10
11/30/2018 11:00,7
11/30/2018 12:00,0
11/30/2018 13:00,0
11/30/2018 14:00,1
11/30/2018 15:00,2
11/30/2018 16:00,8
11/30/2018 17:00,22
11/30/2018 18:00,49
11/30/2018 19:00,42
11/30/2018 20:00,47
11/30/2018 21:00,30
11/30/2018 22:00,22
11/30/2018 23:00,22
12/1/2018 0:00,16
12/1/2018 1:00,12
12/1/2018 2:00,8
12/1/2018 3:00,6
12/1/2018 4:00,13
12/1/2018 5:00,11
12/1/2018 6:00,13
12/1/2018 7:00,20
12/1/2018 8:00,31
12/1/2018 9:00,32
12/1/2018 10:00,34
12/1/2018 11:00,17
12/1/2018 12:00,14
12/1/2018 13:00,24
12/1/2018 14:00,15
12/1/2018 15:00,9
12/1/2018 16:00,14
12/1/2018 17:00,17
12/1/2018 18:00,7
12/1/2018 19:00,1
12/1/2018 20:00,0
12/1/2018 21:00,0
12/1/2018 22:00,0
12/1/2018 23:00,0
12/2/2018 0:00,0
12/2/2018 1:00,2
12/2/2018 2:00,0
12/2/2018 3:00,0
12/2/2018 4:00,0
12/2/2018 5:00,1
12/2/2018 6:00,0
12/2/2018 7:00,0
12/2/2018 8:00,0
12/2/2018 9:00,0
12/2/2018 10:00,0
12/2/2018 11:00,0
12/2/2018 12:00,0
12/2/2018 13:00,0
12/2/2018 14:00,0
12/2/2018 15:00,0
12/2/2018 16:00,0
12/2/2018 17:00,0
12/2/2018 18:00,0
12/2/2018 19:00,0
12/2/2018 20:00,0
12/2/2018 21:00,0
12/2/2018 22:00,0
12/2/2018 23:00,0
12/3/2018 0:00,0
12/3/2018 1:00,0
12/3/2018 2:00,0
12/3/2018 3:00,0
12/3/2018 4:00,0
12/3/2018 5:00,0
12/3/2018 6:00,0
12/3/2018 7:00,0
12/3/2018 8:00,0
12/3/2018 9:00,0
12/3/2018 10:00,0
12/3/2018 11:00,1
12/3/2018 12:00,0
12/3/2018 13:00,0
12/3/2018 14:00,0
12/3/2018 15:00,0
12/3/2018 16:00,0
12/3/2018 17:00,1
12/3/2018 18:00,1
12/3/2018 19:00,2
12/3/2018 20:00,0
12/3/2018 21:00,0
12/3/2018 22:00,0
12/3/2018 23:00,0
12/4/2018 0:00,0
12/4/2018 1:00,0
12/4/2018 2:00,0
12/4/2018 3:00,0
12/4/2018 4:00,0
12/4/2018 5:00,0
12/4/2018 6:00,0
12/4/2018 7:00,0
12/4/2018 8:00,0
12/4/2018 9:00,0
12/4/2018 10:00,0
12/4/2018 11:00,3
12/4/2018 12:00,15
12/4/2018 13:00,21
12/4/2018 14:00,11
12/4/2018 15:00,10
12/4/2018 16:00,41
12/4/2018 17:00,42
12/4/2018 18:00,25
12/4/2018 19:00,20
12/4/2018 20:00,18
12/4/2018 21:00,15
12/4/2018 22:00,13
12/4/2018 23:00,10
12/5/2018 0:00,10
12/5/2018 1:00,6
12/5/2018 2:00,12
12/5/2018 3:00,18
12/5/2018 4:00,18
12/5/2018 5:00,12
12/5/2018 6:00,9
12/5/2018 7:00,5
12/5/2018 8:00,2
12/5/2018 9:00,2
12/5/2018 10:00,5
12/5/2018 11:00,4
12/5/2018 12:00,0
12/5/2018 13:00,0
12/5/2018 14:00,0
12/5/2018 15:00,2
12/5/2018 16:00,8
12/5/2018 17:00,18
12/5/2018 18:00,18
12/5/2018 19:00,5
12/5/2018 20:00,1
12/5/2018 21:00,0
12/5/2018 22:00,0
12/5/2018 23:00,0
12/6/2018 0:00,0
12/6/2018 1:00,0
12/6/2018 2:00,0
12/6/2018 3:00,4
12/6/2018 4:00,3
12/6/2018 5:00,0
12/6/2018 6:00,2
12/6/2018 7:00,3
12/6/2018 8:00,3
12/6/2018 9:00,0
12/6/2018 10:00,0
12/6/2018 11:00,0
12/6/2018 12:00,0
12/6/2018 13:00,1
12/6/2018 14:00,5
12/6/2018 15:00,12
12/6/2018 16:00,8
12/6/2018 17:00,8
12/6/2018 18:00,12
12/6/2018 19:00,7
12/6/2018 20:00,1
12/6/2018 21:00,0
12/6/2018 22:00,3
12/6/2018 23:00,0
12/7/2018 0:00,1
12/7/2018 1:00,0
12/7/2018 2:00,0
12/7/2018 3:00,0
12/7/2018 4:00,5
12/7/2018 5:00,0
12/7/2018 6:00,0
12/7/2018 7:00,1
12/7/2018 8:00,0
12/7/2018 9:00,1
12/7/2018 10:00,4
12/7/2018 11:00,8
12/7/2018 12:00,9
12/7/2018 13:00,12
12/7/2018 14:00,16
12/7/2018 15:00,16
12/7/2018 16:00,13
12/7/2018 17:00,11
12/7/2018 18:00,6
12/7/2018 19:00,0
12/7/2018 20:00,1
12/7/2018 21:00,0
12/7/2018 22:00,0
12/7/2018 23:00,0
12/8/2018 0:00,0
12/8/2018 1:00,0
12/8/2018 2:00,0
12/8/2018 3:00,0
12/8/2018 4:00,0
12/8/2018 5:00,0
12/8/2018 6:00,0
12/8/2018 7:00,0
12/8/2018 8:00,0
12/8/2018 9:00,1
12/8/2018 10:00,0
12/8/2018 11:00,2
12/8/2018 12:00,1
12/8/2018 13:00,2
12/8/2018 14:00,1
12/8/2018 15:00,1
12/8/2018 16:00,0
12/8/2018 17:00,4
12/8/2018 18:00,2
12/8/2018 19:00,1
12/8/2018 20:00,0
12/8/2018 21:00,0
12/8/2018 22:00,2
12/8/2018 23:00,0
12/9/2018 0:00,0
12/9/2018 1:00,0
12/9/2018 2:00,0
12/9/2018 3:00,0
12/9/2018 4:00,7
12/9/2018 5:00,17
12/9/2018 6:00,29
12/9/2018 7:00,25
12/9/2018 8:00,17
12/9/2018 9:00,18
12/9/2018 10:00,10
12/9/2018 11:00,13
12/9/2018 12:00,14
12/9/2018 13:00,16
12/9/2018 14:00,29
12/9/2018 15:00,67
12/9/2018 16:00,85
12/9/2018 17:00,76
12/9/2018 18:00,44
12/9/2018 19:00,40
12/9/2018 20:00,41
12/9/2018 21:00,40
12/9/2018 22:00,29
12/9/2018 23:00,38
12/10/2018 0:00,66
12/10/2018 1:00,73
12/10/2018 2:00,68
12/10/2018 3:00,72
12/10/2018 4:00,76
12/10/2018 5:00,78
12/10/2018 6:00,70
12/10/2018 7:00,40
12/10/2018 8:00,18
12/10/2018 9:00,15
12/10/2018 10:00,12
12/10/2018 11:00,17
12/10/2018 12:00,26
12/10/2018 13:00,35
12/10/2018 14:00,34
12/10/2018 15:00,37
12/10/2018 16:00,44
12/10/2018 17:00,40
12/10/2018 18:00,18
12/10/2018 19:00,12
12/10/2018 20:00,14
12/10/2018 21:00,28
12/10/2018 22:00,21
12/10/2018 23:00,21
12/11/2018 0:00,18
12/11/2018 1:00,11
12/11/2018 2:00,8
12/11/2018 3:00,6
12/11/2018 4:00,1
12/11/2018 5:00,1
12/11/2018 6:00,5
12/11/2018 7:00,11
12/11/2018 8:00,18
12/11/2018 9:00,21
12/11/2018 10:00,42
12/11/2018 11:00,42
12/11/2018 12:00,41
12/11/2018 13:00,59
12/11/2018 14:00,89
12/11/2018 15:00,93
12/11/2018 16:00,85
12/11/2018 17:00,100
12/11/2018 18:00,100
12/11/2018 19:00,99
12/11/2018 20:00,102
12/11/2018 21:00,103
12/11/2018 22:00,102
12/11/2018 23:00,102
12/12/2018 0:00,96
12/12/2018 1:00,98
12/12/2018 2:00,103
12/12/2018 3:00,102
12/12/2018 4:00,103
12/12/2018 5:00,102
12/12/2018 6:00,100
12/12/2018 7:00,102
12/12/2018 8:00,101
12/12/2018 9:00,84
12/12/2018 10:00,81
12/12/2018 11:00,100
12/12/2018 12:00,100
12/12/2018 13:00,100
12/12/2018 14:00,101
12/12/2018 15:00,102
12/12/2018 16:00,103
12/12/2018 17:00,101
12/12/2018 18:00,101
12/12/2018 19:00,103
12/12/2018 20:00,103
12/12/2018 21:00,103
12/12/2018 22:00,102
12/12/2018 23:00,101
12/13/2018 0:00,101
12/13/2018 1:00,102
12/13/2018 2:00,92
12/13/2018 3:00,83
12/13/2018 4:00,100
12/13/2018 5:00,102
12/13/2018 6:00,88
12/13/2018 7:00,87
12/13/2018 8:00,97
12/13/2018 9:00,99
12/13/2018 10:00,96
12/13/2018 11:00,98
12/13/2018 12:00,101
12/13/2018 13:00,101
12/13/2018 14:00,101
12/13/2018 15:00,102
12/13/2018 16:00,103
12/13/2018 17:00,103
12/13/2018 18:00,102
12/13/2018 19:00,103
12/13/2018 20:00,103
12/13/2018 21:00,103
12/13/2018 22:00,102
12/13/2018 23:00,103
12/14/2018 0:00,103
12/14/2018 1:00,103
12/14/2018 2:00,102
12/14/2018 3:00,103
12/14/2018 4:00,103
12/14/2018 5:00,103
12/14/2018 6:00,101
12/14/2018 7:00,101
12/14/2018 8:00,101
12/14/2018 9:00,101
12/14/2018 10:00,101
12/14/2018 11:00,101
12/14/2018 12:00,101
12/14/2018 13:00,101
12/14/2018 14:00,101
12/14/2018 15:00,102
12/14/2018 16:00,99
12/14/2018 17:00,102
12/14/2018 18:00,100
12/14/2018 19:00,103
12/14/2018 20:00,102
12/14/2018 21:00,99
12/14/2018 22:00,101
12/14/2018 23:00,75
12/15/2018 0:00,79
12/15/2018 1:00,94
12/15/2018 2:00,93
12/15/2018 3:00,100
12/15/2018 4:00,78
12/15/2018 5:00,17
12/15/2018 6:00,96
12/15/2018 7:00,99
12/15/2018 8:00,72
12/15/2018 9:00,56
12/15/2018 10:00,75
12/15/2018 11:00,94
12/15/2018 12:00,99
12/15/2018 13:00,99
12/15/2018 14:00,99
12/15/2018 15:00,98
12/15/2018 16:00,96
12/15/2018 17:00,80
12/15/2018 18:00,47
12/15/2018 19:00,24
12/15/2018 20:00,14
12/15/2018 21:00,1
12/15/2018 22:00,1
12/15/2018 23:00,13
12/16/2018 0:00,40
12/16/2018 1:00,42
12/16/2018 2:00,48
12/16/2018 3:00,57
12/16/2018 4:00,65
12/16/2018 5:00,78
12/16/2018 6:00,82
12/16/2018 7:00,78
12/16/2018 8:00,78
12/16/2018 9:00,76
12/16/2018 10:00,67
12/16/2018 11:00,64
12/16/2018 12:00,38
12/16/2018 13:00,42
12/16/2018 14:00,48
12/16/2018 15:00,73
12/16/2018 16:00,91
12/16/2018 17:00,97
12/16/2018 18:00,97
12/16/2018 19:00,97
12/16/2018 20:00,86
12/16/2018 21:00,81
12/16/2018 22:00,85
12/16/2018 23:00,97
12/17/2018 0:00,99
12/17/2018 1:00,98
12/17/2018 2:00,100
12/17/2018 3:00,99
12/17/2018 4:00,99
12/17/2018 5:00,99
12/17/2018 6:00,98
12/17/2018 7:00,88
12/17/2018 8:00,77
12/17/2018 9:00,61
12/17/2018 10:00,46
12/17/2018 11:00,28
12/17/2018 12:00,19
12/17/2018 13:00,20
12/17/2018 14:00,42
12/17/2018 15:00,47
12/17/2018 16:00,55
12/17/2018 17:00,55
12/17/2018 18:00,45
12/17/2018 19:00,39
12/17/2018 20:00,58
12/17/2018 21:00,48
12/17/2018 22:00,42
12/17/2018 23:00,24
12/18/2018 0:00,15
12/18/2018 1:00,27
12/18/2018 2:00,54
12/18/2018 3:00,83
12/18/2018 4:00,102
12/18/2018 5:00,100
12/18/2018 6:00,100
12/18/2018 7:00,96
12/18/2018 8:00,95
12/18/2018 9:00,87
12/18/2018 10:00,83
12/18/2018 11:00,97
12/18/2018 12:00,99
12/18/2018 13:00,99
12/18/2018 14:00,101
12/18/2018 15:00,101
12/18/2018 16:00,99
12/18/2018 17:00,101
12/18/2018 18:00,102
12/18/2018 19:00,99
12/18/2018 20:00,102
12/18/2018 21:00,87
12/18/2018 22:00,79
12/18/2018 23:00,70
12/19/2018 0:00,80
12/19/2018 1:00,103
12/19/2018 2:00,101
12/19/2018 3:00,103
12/19/2018 4:00,90
12/19/2018 5:00,101
12/19/2018 6:00,103
12/19/2018 7:00,103
12/19/2018 8:00,103
12/19/2018 9:00,102
12/19/2018 10:00,103
12/19/2018 11:00,103
12/19/2018 12:00,103
12/19/2018 13:00,103
12/19/2018 14:00,103
12/19/2018 15:00,103
12/19/2018 16:00,103
12/19/2018 17:00,90
12/19/2018 18:00,89
12/19/2018 19:00,101
12/19/2018 20:00,95
12/19/2018 21:00,85
12/19/2018 22:00,60
12/19/2018 23:00,30
12/20/2018 0:00,31
12/20/2018 1:00,33
12/20/2018 2:00,30
12/20/2018 3:00,35
12/20/2018 4:00,50
12/20/2018 5:00,62
12/20/2018 6:00,63
12/20/2018 7:00,71
12/20/2018 8:00,85
12/20/2018 9:00,93
12/20/2018 10:00,100
12/20/2018 11:00,101
12/20/2018 12:00,102
12/20/2018 13:00,102
12/20/2018 14:00,103
12/20/2018 15:00,103
12/20/2018 16:00,103
12/20/2018 17:00,103
12/20/2018 18:00,103
12/20/2018 19:00,103
12/20/2018 20:00,103
12/20/2018 21:00,103
12/20/2018 22:00,101
12/20/2018 23:00,96
12/21/2018 0:00,95
12/21/2018 1:00,92
12/21/2018 2:00,102
12/21/2018 3:00,103
12/21/2018 4:00,103
12/21/2018 5:00,98
12/21/2018 6:00,103
12/21/2018 7:00,100
12/21/2018 8:00,102
12/21/2018 9:00,103
12/21/2018 10:00,103
12/21/2018 11:00,103
12/21/2018 12:00,103
12/21/2018 13:00,103
12/21/2018 14:00,102
12/21/2018 15:00,100
12/21/2018 16:00,101
12/21/2018 17:00,91
12/21/2018 18:00,88
12/21/2018 19:00,93
12/21/2018 20:00,99
12/21/2018 21:00,94
12/21/2018 22:00,78
12/21/2018 23:00,50
12/22/2018 0:00,67
12/22/2018 1:00,68
12/22/2018 2:00,69
12/22/2018 3:00,57
12/22/2018 4:00,39
12/22/2018 5:00,18
12/22/2018 6:00,22
12/22/2018 7:00,32
12/22/2018 8:00,35
12/22/2018 9:00,29
12/22/2018 10:00,22
12/22/2018 11:00,21
12/22/2018 12:00,19
12/22/2018 13:00,29
12/22/2018 14:00,13
12/22/2018 15:00,3
12/22/2018 16:00,9
12/22/2018 17:00,25
12/22/2018 18:00,27
12/22/2018 19:00,29
12/22/2018 20:00,25
12/22/2018 21:00,24
12/22/2018 22:00,25
12/22/2018 23:00,35
12/23/2018 0:00,66
12/23/2018 1:00,80
12/23/2018 2:00,98
12/23/2018 3:00,102
12/23/2018 4:00,98
12/23/2018 5:00,96
12/23/2018 6:00,102
12/23/2018 7:00,88
12/23/2018 8:00,75
12/23/2018 9:00,85
12/23/2018 10:00,43
12/23/2018 11:00,37
12/23/2018 12:00,71
12/23/2018 13:00,87
12/23/2018 14:00,89
12/23/2018 15:00,89
12/23/2018 16:00,91
12/23/2018 17:00,72
12/23/2018 18:00,81
12/23/2018 19:00,72
12/23/2018 20:00,74
12/23/2018 21:00,88
12/23/2018 22:00,68
12/23/2018 23:00,58
12/24/2018 0:00,64
12/24/2018 1:00,75
12/24/2018 2:00,66
12/24/2018 3:00,75
12/24/2018 4:00,56
12/24/2018 5:00,24
12/24/2018 6:00,33
12/24/2018 7:00,24
12/24/2018 8:00,15
12/24/2018 9:00,6
12/24/2018 10:00,12
12/24/2018 11:00,11
12/24/2018 12:00,7
12/24/2018 13:00,12
12/24/2018 14:00,12
12/24/2018 15:00,12
12/24/2018 16:00,1
12/24/2018 17:00,0
12/24/2018 18:00,0
12/24/2018 19:00,0
12/24/2018 20:00,0
12/24/2018 21:00,0
12/24/2018 22:00,0
12/24/2018 23:00,0
12/25/2018 0:00,0
12/25/2018 1:00,3
12/25/2018 2:00,7
12/25/2018 3:00,22
12/25/2018 4:00,25
12/25/2018 5:00,33
12/25/2018 6:00,26
12/25/2018 7:00,14
12/25/2018 8:00,7
12/25/2018 9:00,8
12/25/2018 10:00,1
12/25/2018 11:00,0
12/25/2018 12:00,4
12/25/2018 13:00,0
12/25/2018 14:00,0
12/25/2018 15:00,0
12/25/2018 16:00,0
12/25/2018 17:00,0
12/25/2018 18:00,0
12/25/2018 19:00,0
12/25/2018 20:00,1
12/25/2018 21:00,1
12/25/2018 22:00,2
12/25/2018 23:00,3
12/26/2018 0:00,5
12/26/2018 1:00,1
12/26/2018 2:00,0
12/26/2018 3:00,0
12/26/2018 4:00,0
12/26/2018 5:00,0
12/26/2018 6:00,0
12/26/2018 7:00,0
12/26/2018 8:00,0
12/26/2018 9:00,0
12/26/2018 10:00,0
12/26/2018 11:00,3
12/26/2018 12:00,7
12/26/2018 13:00,4
12/26/2018 14:00,7
12/26/2018 15:00,13
12/26/2018 16:00,12
12/26/2018 17:00,26
12/26/2018 18:00,41
12/26/2018 19:00,48
12/26/2018 20:00,50
12/26/2018 21:00,39
12/26/2018 22:00,29
12/26/2018 23:00,25
12/27/2018 0:00,29
12/27/2018 1:00,21
12/27/2018 2:00,18
12/27/2018 3:00,15
12/27/2018 4:00,11
12/27/2018 5:00,9
12/27/2018 6:00,8
12/27/2018 7:00,5
12/27/2018 8:00,1
12/27/2018 9:00,1
12/27/2018 10:00,0
12/27/2018 11:00,0
12/27/2018 12:00,0
12/27/2018 13:00,0
12/27/2018 14:00,0
12/27/2018 15:00,0
12/27/2018 16:00,0
12/27/2018 17:00,0
12/27/2018 18:00,2
12/27/2018 19:00,4
12/27/2018 20:00,2
12/27/2018 21:00,6
12/27/2018 22:00,6
12/27/2018 23:00,5
12/28/2018 0:00,1
12/28/2018 1:00,0
12/28/2018 2:00,0
12/28/2018 3:00,0
12/28/2018 4:00,0
12/28/2018 5:00,0
12/28/2018 6:00,0
12/28/2018 7:00,0
12/28/2018 8:00,0
12/28/2018 9:00,0
12/28/2018 10:00,0
12/28/2018 11:00,0
12/28/2018 12:00,0
12/28/2018 13:00,0
12/28/2018 14:00,0
12/28/2018 15:00,0
12/28/2018 16:00,0
12/28/2018 17:00,0
12/28/2018 18:00,0
12/28/2018 19:00,0
12/28/2018 20:00,3
12/28/2018 21:00,7
12/28/2018 22:00,16
12/28/2018 23:00,32
12/29/2018 0:00,39
12/29/2018 1:00,61
12/29/2018 2:00,79
12/29/2018 3:00,84
12/29/2018 4:00,87
12/29/2018 5:00,84
12/29/2018 6:00,84
12/29/2018 7:00,88
12/29/2018 8:00,86
12/29/2018 9:00,88
12/29/2018 10:00,92
12/29/2018 11:00,98
12/29/2018 12:00,102
12/29/2018 13:00,102
12/29/2018 14:00,103
12/29/2018 15:00,101
12/29/2018 16:00,100
12/29/2018 17:00,103
12/29/2018 18:00,102
12/29/2018 19:00,80
12/29/2018 20:00,38
12/29/2018 21:00,90
12/29/2018 22:00,83
12/29/2018 23:00,96
12/30/2018 0:00,92
12/30/2018 1:00,84
12/30/2018 2:00,79
12/30/2018 3:00,90
12/30/2018 4:00,35
12/30/2018 5:00,4
12/30/2018 6:00,1
12/30/2018 7:00,5
12/30/2018 8:00,51
12/30/2018 9:00,66
12/30/2018 10:00,99
12/30/2018 11:00,90
12/30/2018 12:00,98
12/30/2018 13:00,98
12/30/2018 14:00,85
12/30/2018 15:00,34
12/30/2018 16:00,6
12/30/2018 17:00,23
12/30/2018 18:00,21
12/30/2018 19:00,31
12/30/2018 20:00,39
12/30/2018 21:00,43
12/30/2018 22:00,36
12/30/2018 23:00,34
12/31/2018 0:00,42
12/31/2018 1:00,45
12/31/2018 2:00,38
12/31/2018 3:00,33
12/31/2018 4:00,29
12/31/2018 5:00,29
12/31/2018 6:00,39
12/31/2018 7:00,50
12/31/2018 8:00,57
12/31/2018 9:00,84
12/31/2018 10:00,92
12/31/2018 11:00,87
12/31/2018 12:00,74
12/31/2018 13:00,57
12/31/2018 14:00,53
12/31/2018 15:00,58
12/31/2018 16:00,57
12/31/2018 17:00,49
12/31/2018 18:00,26
12/31/2018 19:00,7
12/31/2018 20:00,1
12/31/2018 21:00,2
12/31/2018 22:00,0
12/31/2018 23:00,0
