time_stamp,capacity
2018-04-01 00:00:00,48.1
2018-04-01 00:15:00,48.1
2018-04-01 00:30:00,40.5
2018-04-01 00:45:00,43.9
2018-04-01 01:00:00,49.6
2018-04-01 01:15:00,57.3
2018-04-01 01:30:00,75.600006
2018-04-01 01:45:00,97.9
2018-04-01 02:00:00,127.4
2018-04-01 02:15:00,148.4
2018-04-01 02:30:00,155.0
2018-04-01 02:45:00,146.9
2018-04-01 03:00:00,136.1
2018-04-01 03:15:00,122.7
2018-04-01 03:30:00,125.5
2018-04-01 03:45:00,137.0
2018-04-01 04:00:00,135.4
2018-04-01 04:15:00,144.9
2018-04-01 04:30:00,146.3
2018-04-01 04:45:00,143.1
2018-04-01 05:00:00,146.7
2018-04-01 05:15:00,157.2
2018-04-01 05:30:00,162.0
2018-04-01 05:45:00,161.9
2018-04-01 06:00:00,161.7
2018-04-01 06:15:00,153.9
2018-04-01 06:30:00,128.0
2018-04-01 06:45:00,133.4
2018-04-01 07:00:00,102.6
2018-04-01 07:15:00,81.0
2018-04-01 07:30:00,61.1
2018-04-01 07:45:00,52.199997
2018-04-01 08:00:00,41.5
2018-04-01 08:15:00,37.6
2018-04-01 08:30:00,30.7
2018-04-01 08:45:00,30.1
2018-04-01 09:00:00,38.1
2018-04-01 09:15:00,48.199997
2018-04-01 09:30:00,51.8
2018-04-01 09:45:00,39.1
2018-04-01 10:00:00,43.4
2018-04-01 10:15:00,55.199997
2018-04-01 10:30:00,55.1
2018-04-01 10:45:00,53.7
2018-04-01 11:00:00,45.300003
2018-04-01 11:15:00,43.0
2018-04-01 11:30:00,32.3
2018-04-01 11:45:00,17.7
2018-04-01 12:00:00,10.4
2018-04-01 12:15:00,9.6
2018-04-01 12:30:00,14.2
2018-04-01 12:45:00,14.6
2018-04-01 13:00:00,16.9
2018-04-01 13:15:00,24.4
2018-04-01 13:30:00,26.2
2018-04-01 13:45:00,24.9
2018-04-01 14:00:00,34.9
2018-04-01 14:15:00,19.8
2018-04-01 14:30:00,16.2
2018-04-01 14:45:00,15.1
2018-04-01 15:00:00,10.299999
2018-04-01 15:15:00,8.4
2018-04-01 15:30:00,8.3
2018-04-01 15:45:00,9.8
2018-04-01 16:00:00,9.200001
2018-04-01 16:15:00,3.3
2018-04-01 16:30:00,7.1000004
2018-04-01 16:45:00,5.5
2018-04-01 17:00:00,5.1000004
2018-04-01 17:15:00,0.9
2018-04-01 17:30:00,0.4
2018-04-01 17:45:00,0.0
2018-04-01 18:00:00,1.4
2018-04-01 18:15:00,3.3
2018-04-01 18:30:00,5.0
2018-04-01 18:45:00,3.2
2018-04-01 19:00:00,8.4
2018-04-01 19:15:00,10.6
2018-04-01 19:30:00,13.6
2018-04-01 19:45:00,10.4
2018-04-01 20:00:00,9.6
2018-04-01 20:15:00,18.0
2018-04-01 20:30:00,22.6
2018-04-01 20:45:00,36.3
2018-04-01 21:00:00,53.1
2018-04-01 21:15:00,53.5
2018-04-01 21:30:00,49.800003
2018-04-01 21:45:00,43.4
2018-04-01 22:00:00,50.1
2018-04-01 22:15:00,44.699997
2018-04-01 22:30:00,62.399998
2018-04-01 22:45:00,63.6
2018-04-01 23:00:00,55.7
2018-04-01 23:15:00,58.9
2018-04-01 23:30:00,67.3
2018-04-01 23:45:00,70.5
2018-04-02 00:00:00,72.8
2018-04-02 00:15:00,60.1
2018-04-02 00:30:00,51.4
2018-04-02 00:45:00,45.9
2018-04-02 01:00:00,46.300003
2018-04-02 01:15:00,46.0
2018-04-02 01:30:00,48.0
2018-04-02 01:45:00,56.6
2018-04-02 02:00:00,60.1
2018-04-02 02:15:00,41.1
2018-04-02 02:30:00,49.9
2018-04-02 02:45:00,41.0
2018-04-02 03:00:00,39.8
2018-04-02 03:15:00,23.6
2018-04-02 03:30:00,26.900002
2018-04-02 03:45:00,28.0
2018-04-02 04:00:00,38.1
2018-04-02 04:15:00,23.7
2018-04-02 04:30:00,22.099998
2018-04-02 04:45:00,25.7
2018-04-02 05:00:00,21.8
2018-04-02 05:15:00,12.1
2018-04-02 05:30:00,14.6
2018-04-02 05:45:00,16.7
2018-04-02 06:00:00,18.2
2018-04-02 06:15:00,14.2
2018-04-02 06:30:00,10.3
2018-04-02 06:45:00,9.299999
2018-04-02 07:00:00,5.0
2018-04-02 07:15:00,2.8
2018-04-02 07:30:00,2.9
2018-04-02 07:45:00,3.6999998
2018-04-02 08:00:00,2.0
2018-04-02 08:15:00,0.1
2018-04-02 08:30:00,4.2
2018-04-02 08:45:00,12.8
2018-04-02 09:00:00,8.5
2018-04-02 09:15:00,2.0
2018-04-02 09:30:00,3.8999999
2018-04-02 09:45:00,0.3
2018-04-02 10:00:00,0.0
2018-04-02 10:15:00,0.1
2018-04-02 10:30:00,0.7
2018-04-02 10:45:00,1.0
2018-04-02 11:00:00,0.1
2018-04-02 11:15:00,0.0
2018-04-02 11:30:00,2.1999998
2018-04-02 11:45:00,0.0
2018-04-02 12:00:00,1.2
2018-04-02 12:15:00,0.2
2018-04-02 12:30:00,0.0
2018-04-02 12:45:00,0.0
2018-04-02 13:00:00,0.0
2018-04-02 13:15:00,0.0
2018-04-02 13:30:00,0.0
2018-04-02 13:45:00,0.0
2018-04-02 14:00:00,0.0
2018-04-02 14:15:00,3.6
2018-04-02 14:30:00,0.0
2018-04-02 14:45:00,0.0
2018-04-02 15:00:00,0.0
2018-04-02 15:15:00,0.0
2018-04-02 15:30:00,0.0
2018-04-02 15:45:00,0.0
2018-04-02 16:00:00,0.0
2018-04-02 16:15:00,0.0
2018-04-02 16:30:00,0.0
2018-04-02 16:45:00,0.0
2018-04-02 17:00:00,0.0
2018-04-02 17:15:00,0.0
2018-04-02 17:30:00,2.2
2018-04-02 17:45:00,6.0
2018-04-02 18:00:00,4.4
2018-04-02 18:15:00,0.0
2018-04-02 18:30:00,0.0
2018-04-02 18:45:00,0.0
2018-04-02 19:00:00,0.4
2018-04-02 19:15:00,16.7
2018-04-02 19:30:00,8.1
2018-04-02 19:45:00,10.9
2018-04-02 20:00:00,8.6
2018-04-02 20:15:00,9.0
2018-04-02 20:30:00,8.8
2018-04-02 20:45:00,23.3
2018-04-02 21:00:00,28.5
2018-04-02 21:15:00,10.5
2018-04-02 21:30:00,0.6
2018-04-02 21:45:00,10.6
2018-04-02 22:00:00,15.900001
2018-04-02 22:15:00,28.400002
2018-04-02 22:30:00,56.6
2018-04-02 22:45:00,64.0
2018-04-02 23:00:00,73.600006
2018-04-02 23:15:00,75.0
2018-04-02 23:30:00,70.4
2018-04-02 23:45:00,69.4
2018-04-03 00:00:00,68.5
2018-04-03 00:15:00,75.2
2018-04-03 00:30:00,79.5
2018-04-03 00:45:00,90.0
2018-04-03 01:00:00,115.0
2018-04-03 01:15:00,144.0
2018-04-03 01:30:00,129.5
2018-04-03 01:45:00,137.8
2018-04-03 02:00:00,164.20001
2018-04-03 02:15:00,169.3
2018-04-03 02:30:00,174.6
2018-04-03 02:45:00,172.0
2018-04-03 03:00:00,171.5
2018-04-03 03:15:00,172.1
2018-04-03 03:30:00,169.1
2018-04-03 03:45:00,168.2
2018-04-03 04:00:00,173.70001
2018-04-03 04:15:00,171.5
2018-04-03 04:30:00,171.7
2018-04-03 04:45:00,171.3
2018-04-03 05:00:00,173.29999
2018-04-03 05:15:00,173.3
2018-04-03 05:30:00,166.6
2018-04-03 05:45:00,170.8
2018-04-03 06:00:00,171.0
2018-04-03 06:15:00,171.1
2018-04-03 06:30:00,170.79999
2018-04-03 06:45:00,170.9
2018-04-03 07:00:00,170.3
2018-04-03 07:15:00,169.2
2018-04-03 07:30:00,168.0
2018-04-03 07:45:00,168.9
2018-04-03 08:00:00,167.70001
2018-04-03 08:15:00,167.2
2018-04-03 08:30:00,160.20001
2018-04-03 08:45:00,160.6
2018-04-03 09:00:00,161.9
2018-04-03 09:15:00,162.5
2018-04-03 09:30:00,158.9
2018-04-03 09:45:00,164.6
2018-04-03 10:00:00,164.29999
2018-04-03 10:15:00,155.9
2018-04-03 10:30:00,151.3
2018-04-03 10:45:00,148.79999
2018-04-03 11:00:00,152.5
2018-04-03 11:15:00,156.70001
2018-04-03 11:30:00,157.1
2018-04-03 11:45:00,158.29999
2018-04-03 12:00:00,157.3
2018-04-03 12:15:00,160.0
2018-04-03 12:30:00,152.5
2018-04-03 12:45:00,147.4
2018-04-03 13:00:00,139.3
2018-04-03 13:15:00,128.0
2018-04-03 13:30:00,122.399994
2018-04-03 13:45:00,127.8
2018-04-03 14:00:00,124.3
2018-04-03 14:15:00,121.100006
2018-04-03 14:30:00,125.100006
2018-04-03 14:45:00,122.7
2018-04-03 15:00:00,112.3
2018-04-03 15:15:00,94.5
2018-04-03 15:30:00,59.6
2018-04-03 15:45:00,51.9
2018-04-03 16:00:00,32.4
2018-04-03 16:15:00,34.9
2018-04-03 16:30:00,84.5
2018-04-03 16:45:00,146.5
2018-04-03 17:00:00,160.70001
2018-04-03 17:15:00,161.0
2018-04-03 17:30:00,159.0
2018-04-03 17:45:00,159.5
2018-04-03 18:00:00,158.0
2018-04-03 18:15:00,158.70001
2018-04-03 18:30:00,160.2
2018-04-03 18:45:00,160.3
2018-04-03 19:00:00,159.6
2018-04-03 19:15:00,160.5
2018-04-03 19:30:00,158.6
2018-04-03 19:45:00,161.5
2018-04-03 20:00:00,159.3
2018-04-03 20:15:00,158.5
2018-04-03 20:30:00,159.9
2018-04-03 20:45:00,157.4
2018-04-03 21:00:00,156.3
2018-04-03 21:15:00,160.4
2018-04-03 21:30:00,157.79999
2018-04-03 21:45:00,159.0
2018-04-03 22:00:00,154.1
2018-04-03 22:15:00,149.3
2018-04-03 22:30:00,150.7
2018-04-03 22:45:00,159.20001
2018-04-03 23:00:00,157.8
2018-04-03 23:15:00,163.9
2018-04-03 23:30:00,165.0
2018-04-03 23:45:00,158.3
2018-04-04 00:00:00,165.4
2018-04-04 00:15:00,164.4
2018-04-04 00:30:00,165.4
2018-04-04 00:45:00,163.2
2018-04-04 01:00:00,161.7
2018-04-04 01:15:00,154.3
2018-04-04 01:30:00,145.9
2018-04-04 01:45:00,145.20001
2018-04-04 02:00:00,153.8
2018-04-04 02:15:00,147.0
2018-04-04 02:30:00,150.1
2018-04-04 02:45:00,150.4
2018-04-04 03:00:00,131.20001
2018-04-04 03:15:00,121.0
2018-04-04 03:30:00,114.6
2018-04-04 03:45:00,123.3
2018-04-04 04:00:00,124.4
2018-04-04 04:15:00,128.4
2018-04-04 04:30:00,122.5
2018-04-04 04:45:00,111.100006
2018-04-04 05:00:00,104.5
2018-04-04 05:15:00,98.8
2018-04-04 05:30:00,94.6
2018-04-04 05:45:00,90.2
2018-04-04 06:00:00,80.7
2018-04-04 06:15:00,95.5
2018-04-04 06:30:00,101.2
2018-04-04 06:45:00,71.600006
2018-04-04 07:00:00,80.1
2018-04-04 07:15:00,71.7
2018-04-04 07:30:00,82.9
2018-04-04 07:45:00,84.2
2018-04-04 08:00:00,73.8
2018-04-04 08:15:00,78.0
2018-04-04 08:30:00,87.100006
2018-04-04 08:45:00,80.2
2018-04-04 09:00:00,82.2
2018-04-04 09:15:00,86.600006
2018-04-04 09:30:00,95.5
2018-04-04 09:45:00,100.4
2018-04-04 10:00:00,95.7
2018-04-04 10:15:00,84.7
2018-04-04 10:30:00,82.2
2018-04-04 10:45:00,62.5
2018-04-04 11:00:00,61.9
2018-04-04 11:15:00,68.100006
2018-04-04 11:30:00,53.8
2018-04-04 11:45:00,60.3
2018-04-04 12:00:00,59.8
2018-04-04 12:15:00,62.7
2018-04-04 12:30:00,71.0
2018-04-04 12:45:00,75.1
2018-04-04 13:00:00,65.1
2018-04-04 13:15:00,56.2
2018-04-04 13:30:00,46.0
2018-04-04 13:45:00,47.1
2018-04-04 14:00:00,49.9
2018-04-04 14:15:00,35.2
2018-04-04 14:30:00,49.2
2018-04-04 14:45:00,77.6
2018-04-04 15:00:00,79.1
2018-04-04 15:15:00,81.2
2018-04-04 15:30:00,73.0
2018-04-04 15:45:00,62.5
2018-04-04 16:00:00,47.4
2018-04-04 16:15:00,42.4
2018-04-04 16:30:00,46.3
2018-04-04 16:45:00,42.7
2018-04-04 17:00:00,40.0
2018-04-04 17:15:00,40.800003
2018-04-04 17:30:00,29.5
2018-04-04 17:45:00,32.1
2018-04-04 18:00:00,33.5
2018-04-04 18:15:00,34.6
2018-04-04 18:30:00,30.3
2018-04-04 18:45:00,37.6
2018-04-04 19:00:00,40.3
2018-04-04 19:15:00,33.6
2018-04-04 19:30:00,28.6
2018-04-04 19:45:00,26.0
2018-04-04 20:00:00,20.5
2018-04-04 20:15:00,18.3
2018-04-04 20:30:00,23.9
2018-04-04 20:45:00,22.8
2018-04-04 21:00:00,25.599998
2018-04-04 21:15:00,26.7
2018-04-04 21:33:00,20.0
2018-04-04 21:45:00,20.1
2018-04-04 22:00:00,32.4
2018-04-04 22:15:00,27.2
2018-04-04 22:30:00,34.2
2018-04-04 22:45:00,42.5
2018-04-04 23:00:00,45.699997
2018-04-04 23:15:00,35.7
2018-04-04 23:30:00,44.5
2018-04-04 23:45:00,47.0
2018-04-05 00:00:00,49.1
2018-04-05 00:15:00,50.4
2018-04-05 00:30:00,55.0
2018-04-05 00:45:00,56.1
2018-04-05 01:00:00,43.4
2018-04-05 01:15:00,67.1
2018-04-05 01:30:00,76.1
2018-04-05 01:45:00,88.8
2018-04-05 02:00:00,103.7
2018-04-05 02:15:00,114.3
2018-04-05 02:30:00,108.8
2018-04-05 02:45:00,104.899994
2018-04-05 03:00:00,108.3
2018-04-05 03:15:00,119.4
2018-04-05 03:30:00,114.8
2018-04-05 03:45:00,117.1
2018-04-05 04:00:00,130.4
2018-04-05 04:15:00,124.5
2018-04-05 04:30:00,134.5
2018-04-05 04:45:00,135.70001
2018-04-05 05:00:00,132.3
2018-04-05 05:15:00,151.8
2018-04-05 05:30:00,151.0
2018-04-05 05:45:00,155.7
2018-04-05 06:00:00,165.0
2018-04-05 06:15:00,163.4
2018-04-05 06:30:00,161.0
2018-04-05 06:45:00,161.9
2018-04-05 07:00:00,157.79999
2018-04-05 07:15:00,156.3
2018-04-05 07:30:00,155.70001
2018-04-05 07:45:00,157.8
2018-04-05 08:00:00,146.1
2018-04-05 08:15:00,151.2
2018-04-05 08:30:00,152.3
2018-04-05 08:45:00,144.9
2018-04-05 09:00:00,124.9
2018-04-05 09:15:00,122.299995
2018-04-05 09:30:00,96.8
2018-04-05 09:45:00,62.6
2018-04-05 10:00:00,54.5
2018-04-05 10:15:00,56.0
2018-04-05 10:30:00,63.6
2018-04-05 10:45:00,76.1
2018-04-05 11:00:00,96.7
2018-04-05 11:15:00,119.1
2018-04-05 11:30:00,121.5
2018-04-05 11:45:00,136.7
2018-04-05 12:00:00,153.5
2018-04-05 12:15:00,155.29999
2018-04-05 12:30:00,142.20001
2018-04-05 12:45:00,119.9
2018-04-05 13:00:00,126.2
2018-04-05 13:15:00,109.3
2018-04-05 13:30:00,105.4
2018-04-05 13:45:00,99.8
2018-04-05 14:00:00,79.6
2018-04-05 14:15:00,65.4
2018-04-05 14:30:00,86.600006
2018-04-05 14:45:00,122.600006
2018-04-05 15:00:00,138.6
2018-04-05 15:15:00,142.9
2018-04-05 15:30:00,125.2
2018-04-05 15:45:00,121.7
2018-04-05 16:00:00,125.2
2018-04-05 16:15:00,118.7
2018-04-05 16:30:00,120.3
2018-04-05 16:45:00,119.7
2018-04-05 17:00:00,107.6
2018-04-05 17:15:00,104.1
2018-04-05 17:30:00,109.3
2018-04-05 17:45:00,101.299995
2018-04-05 18:00:00,88.899994
2018-04-05 18:15:00,76.6
2018-04-05 18:30:00,81.9
2018-04-05 18:45:00,72.600006
2018-04-05 19:00:00,70.8
2018-04-05 19:15:00,83.7
2018-04-05 19:30:00,84.899994
2018-04-05 19:45:00,65.899994
2018-04-05 20:00:00,61.5
2018-04-05 20:15:00,61.0
2018-04-05 20:30:00,53.5
2018-04-05 20:45:00,62.300003
2018-04-05 21:00:00,57.2
2018-04-05 21:15:00,65.8
2018-04-05 21:30:00,62.1
2018-04-05 21:45:00,60.7
2018-04-05 22:00:00,59.8
2018-04-05 22:15:00,46.1
2018-04-05 22:30:00,37.3
2018-04-05 22:45:00,46.2
2018-04-05 23:00:00,49.300003
2018-04-05 23:15:00,49.1
2018-04-05 23:30:00,58.3
2018-04-05 23:45:00,54.4
2018-04-06 00:00:00,49.0
2018-04-06 00:15:00,59.7
2018-04-06 00:30:00,71.1
2018-04-06 00:45:00,88.7
2018-04-06 01:00:00,98.600006
2018-04-06 01:15:00,133.1
2018-04-06 01:30:00,147.4
2018-04-06 01:45:00,155.0
2018-04-06 02:00:00,156.8
2018-04-06 02:15:00,149.8
2018-04-06 02:30:00,163.0
2018-04-06 02:45:00,160.0
2018-04-06 03:00:00,162.2
2018-04-06 03:15:00,162.0
2018-04-06 03:30:00,158.0
2018-04-06 03:45:00,156.3
2018-04-06 04:00:00,158.2
2018-04-06 04:15:00,160.8
2018-04-06 04:30:00,164.20001
2018-04-06 04:45:00,161.9
2018-04-06 05:00:00,165.4
2018-04-06 05:15:00,165.9
2018-04-06 05:30:00,167.9
2018-04-06 05:45:00,163.79999
2018-04-06 06:00:00,164.5
2018-04-06 06:15:00,160.4
2018-04-06 06:30:00,163.6
2018-04-06 06:45:00,163.2
2018-04-06 07:00:00,164.29999
2018-04-06 07:15:00,159.5
2018-04-06 07:30:00,152.20001
2018-04-06 07:45:00,155.29999
2018-04-06 08:00:00,160.9
2018-04-06 08:15:00,163.6
2018-04-06 08:30:00,163.1
2018-04-06 08:45:00,154.29999
2018-04-06 09:00:00,159.1
2018-04-06 09:15:00,162.4
2018-04-06 09:30:00,158.9
2018-04-06 09:45:00,157.8
2018-04-06 10:00:00,158.0
2018-04-06 10:15:00,155.9
2018-04-06 10:30:00,156.7
2018-04-06 10:45:00,155.7
2018-04-06 11:00:00,151.2
2018-04-06 11:15:00,135.0
2018-04-06 11:30:00,132.7
2018-04-06 11:45:00,129.7
2018-04-06 12:00:00,133.4
2018-04-06 12:15:00,114.9
2018-04-06 12:30:00,124.5
2018-04-06 12:45:00,111.5
2018-04-06 13:00:00,98.7
2018-04-06 13:15:00,101.899994
2018-04-06 13:30:00,108.8
2018-04-06 13:45:00,94.3
2018-04-06 14:00:00,80.2
2018-04-06 14:15:00,87.8
2018-04-06 14:30:00,116.1
2018-04-06 14:45:00,132.70001
2018-04-06 15:00:00,144.1
2018-04-06 15:15:00,141.0
2018-04-06 15:30:00,143.0
2018-04-06 15:45:00,138.1
2018-04-06 16:00:00,124.8
2018-04-06 16:15:00,117.899994
2018-04-06 16:30:00,96.7
2018-04-06 16:45:00,98.100006
2018-04-06 17:00:00,80.399994
2018-04-06 17:15:00,73.1
2018-04-06 17:30:00,63.9
2018-04-06 17:45:00,48.4
2018-04-06 18:00:00,44.1
2018-04-06 18:15:00,29.0
2018-04-06 18:30:00,20.4
2018-04-06 18:45:00,31.400002
2018-04-06 19:00:00,28.0
2018-04-06 19:15:00,21.900002
2018-04-06 19:30:00,14.0
2018-04-06 19:45:00,11.0
2018-04-06 20:00:00,8.1
2018-04-06 20:15:00,7.0
2018-04-06 20:30:00,5.3
2018-04-06 20:45:00,1.5
2018-04-06 21:00:00,0.2
2018-04-06 21:15:00,16.7
2018-04-06 21:30:00,121.4
2018-04-06 21:45:00,114.2
2018-04-06 22:00:00,129.8
2018-04-06 22:15:00,105.799995
2018-04-06 22:30:00,150.0
2018-04-06 22:45:00,153.4
2018-04-06 23:00:00,141.8
2018-04-06 23:15:00,153.7
2018-04-06 23:30:00,160.6
2018-04-06 23:45:00,151.2
2018-04-07 00:00:00,150.9
2018-04-07 00:15:00,157.70001
2018-04-07 00:30:00,151.9
2018-04-07 00:45:00,129.4
2018-04-07 01:00:00,145.0
2018-04-07 01:15:00,147.9
2018-04-07 01:30:00,150.3
2018-04-07 01:45:00,165.6
2018-04-07 02:00:00,159.29999
2018-04-07 02:15:00,163.6
2018-04-07 02:30:00,166.3
2018-04-07 02:45:00,160.1
2018-04-07 03:00:00,153.79999
2018-04-07 03:15:00,151.8
2018-04-07 03:30:00,157.8
2018-04-07 03:45:00,163.9
2018-04-07 04:00:00,156.5
2018-04-07 04:15:00,156.4
2018-04-07 04:30:00,160.5
2018-04-07 04:45:00,144.2
2018-04-07 05:00:00,141.20001
2018-04-07 05:15:00,146.6
2018-04-07 05:30:00,148.4
2018-04-07 05:45:00,139.79999
2018-04-07 06:00:00,131.5
2018-04-07 06:15:00,150.29999
2018-04-07 06:30:00,140.1
2018-04-07 06:45:00,129.5
2018-04-07 07:00:00,130.5
2018-04-07 07:15:00,132.0
2018-04-07 07:30:00,145.0
2018-04-07 07:45:00,153.2
2018-04-07 08:00:00,128.7
2018-04-07 08:15:00,147.29999
2018-04-07 08:30:00,140.79999
2018-04-07 08:45:00,141.20001
2018-04-07 09:00:00,130.6
2018-04-07 09:15:00,129.1
2018-04-07 09:30:00,115.8
2018-04-07 09:45:00,123.899994
2018-04-07 10:00:00,114.3
2018-04-07 10:15:00,113.8
2018-04-07 10:30:00,106.0
2018-04-07 10:45:00,91.600006
2018-04-07 11:00:00,92.5
2018-04-07 11:15:00,79.7
2018-04-07 11:30:00,85.0
2018-04-07 11:45:00,114.3
2018-04-07 12:00:00,110.9
2018-04-07 12:15:00,109.1
2018-04-07 12:30:00,106.3
2018-04-07 12:45:00,114.5
2018-04-07 13:00:00,89.8
2018-04-07 13:15:00,89.8
2018-04-07 13:30:00,90.100006
2018-04-07 13:45:00,107.3
2018-04-07 14:00:00,104.3
2018-04-07 14:15:00,109.1
2018-04-07 14:30:00,107.0
2018-04-07 14:45:00,105.8
2018-04-07 15:00:00,101.600006
2018-04-07 15:15:00,89.4
2018-04-07 15:30:00,93.3
2018-04-07 15:45:00,82.8
2018-04-07 16:00:00,78.2
2018-04-07 16:15:00,97.1
2018-04-07 16:30:00,84.3
2018-04-07 16:45:00,77.899994
2018-04-07 17:00:00,76.1
2018-04-07 17:15:00,68.5
2018-04-07 17:30:00,60.699997
2018-04-07 17:45:00,57.5
2018-04-07 18:00:00,54.1
2018-04-07 18:15:00,45.4
2018-04-07 18:30:00,47.6
2018-04-07 18:45:00,46.5
2018-04-07 19:00:00,38.800003
2018-04-07 19:15:00,31.2
2018-04-07 19:30:00,31.5
2018-04-07 19:45:00,27.8
2018-04-07 20:00:00,26.1
2018-04-07 20:15:00,31.3
2018-04-07 20:30:00,30.3
2018-04-07 20:45:00,33.1
2018-04-07 21:00:00,31.7
2018-04-07 21:15:00,29.400002
2018-04-07 21:30:00,29.0
2018-04-07 21:45:00,23.1
2018-04-07 22:00:00,24.0
2018-04-07 22:15:00,23.1
2018-04-07 22:30:00,24.400002
2018-04-07 22:45:00,21.9
2018-04-07 23:00:00,21.4
2018-04-07 23:15:00,22.6
2018-04-07 23:30:00,22.0
2018-04-07 23:45:00,17.0
2018-04-08 00:00:00,18.4
2018-04-08 00:15:00,14.5
2018-04-08 00:30:00,12.1
2018-04-08 00:45:00,12.6
2018-04-08 01:00:00,11.1
2018-04-08 01:15:00,7.5
2018-04-08 01:30:00,6.8
2018-04-08 01:45:00,1.4000001
2018-04-08 02:00:00,1.9000001
2018-04-08 02:15:00,0.9
2018-04-08 02:30:00,0.0
2018-04-08 02:45:00,0.1
2018-04-08 03:00:00,0.8
2018-04-08 03:15:00,1.1
2018-04-08 03:30:00,2.1
2018-04-08 03:45:00,1.5
2018-04-08 04:00:00,0.3
2018-04-08 04:15:00,0.2
2018-04-08 04:30:00,0.0
2018-04-08 04:45:00,0.1
2018-04-08 05:00:00,0.1
2018-04-08 05:15:00,0.0
2018-04-08 05:30:00,0.0
2018-04-08 05:45:00,0.0
2018-04-08 06:00:00,0.0
2018-04-08 06:15:00,0.2
2018-04-08 06:30:00,3.8
2018-04-08 06:45:00,5.9
2018-04-08 07:00:00,12.200001
2018-04-08 07:15:00,7.7
2018-04-08 07:30:00,9.9
2018-04-08 07:45:00,14.5
2018-04-08 08:00:00,15.2
2018-04-08 08:15:00,16.9
2018-04-08 08:30:00,13.7
2018-04-08 08:45:00,23.1
2018-04-08 09:00:00,17.8
2018-04-08 09:15:00,14.9
2018-04-08 09:30:00,7.6
2018-04-08 09:45:00,5.4
2018-04-08 10:00:00,3.6999998
2018-04-08 10:15:00,10.3
2018-04-08 10:30:00,8.2
2018-04-08 10:45:00,10.2
2018-04-08 11:00:00,7.7
2018-04-08 11:15:00,1.7
2018-04-08 11:30:00,0.0
2018-04-08 11:45:00,0.0
2018-04-08 12:00:00,0.1
2018-04-08 12:15:00,0.0
2018-04-08 12:30:00,3.6
2018-04-08 12:45:00,6.6000004
2018-04-08 13:00:00,3.9
2018-04-08 13:15:00,10.7
2018-04-08 13:30:00,15.0
2018-04-08 13:45:00,14.5
2018-04-08 14:00:00,20.7
2018-04-08 14:15:00,22.2
2018-04-08 14:30:00,29.8
2018-04-08 14:45:00,12.0
2018-04-08 15:00:00,12.4
2018-04-08 15:15:00,21.8
2018-04-08 15:30:00,38.5
2018-04-08 15:45:00,42.7
2018-04-08 16:00:00,45.9
2018-04-08 16:15:00,35.1
2018-04-08 16:30:00,31.4
2018-04-08 16:45:00,31.1
2018-04-08 17:00:00,44.8
2018-04-08 17:15:00,37.7
2018-04-08 17:30:00,23.400002
2018-04-08 17:45:00,24.4
2018-04-08 18:00:00,26.099998
2018-04-08 18:15:00,30.4
2018-04-08 18:30:00,20.0
2018-04-08 18:45:00,25.5
2018-04-08 19:00:00,29.8
2018-04-08 19:15:00,38.1
2018-04-08 19:30:00,34.5
2018-04-08 19:45:00,29.8
2018-04-08 20:00:00,26.7
2018-04-08 20:15:00,18.2
2018-04-08 20:30:00,18.3
2018-04-08 20:45:00,17.0
2018-04-08 21:00:00,24.900002
2018-04-08 21:15:00,27.4
2018-04-08 21:30:00,20.4
2018-04-08 21:45:00,16.7
2018-04-08 22:00:00,24.099998
2018-04-08 22:15:00,28.699999
2018-04-08 22:30:00,28.4
2018-04-08 22:45:00,29.699999
2018-04-08 23:00:00,21.2
2018-04-08 23:15:00,14.9
2018-04-08 23:30:00,10.700001
2018-04-08 23:45:00,14.6
2018-04-09 00:00:00,24.5
2018-04-09 00:15:00,47.300003
2018-04-09 00:30:00,57.800003
2018-04-09 00:45:00,92.9
2018-04-09 01:00:00,134.1
2018-04-09 01:15:00,147.70001
2018-04-09 01:30:00,152.4
2018-04-09 01:45:00,162.3
2018-04-09 02:00:00,160.6
2018-04-09 02:15:00,162.9
2018-04-09 02:30:00,162.3
2018-04-09 02:45:00,160.8
2018-04-09 03:00:00,160.1
2018-04-09 03:15:00,154.70001
2018-04-09 03:30:00,153.3
2018-04-09 03:45:00,157.29999
2018-04-09 04:00:00,150.7
2018-04-09 04:15:00,145.3
2018-04-09 04:30:00,139.3
2018-04-09 04:45:00,106.8
2018-04-09 05:00:00,82.3
2018-04-09 05:15:00,68.5
2018-04-09 05:30:00,48.7
2018-04-09 05:45:00,59.9
2018-04-09 06:00:00,67.8
2018-04-09 06:15:00,71.4
2018-04-09 06:30:00,93.5
2018-04-09 06:45:00,89.0
2018-04-09 07:00:00,87.4
2018-04-09 07:15:00,73.9
2018-04-09 07:30:00,60.1
2018-04-09 07:45:00,63.1
2018-04-09 08:00:00,50.800003
2018-04-09 08:15:00,42.6
2018-04-09 08:30:00,19.400002
2018-04-09 08:45:00,6.1
2018-04-09 09:00:00,2.5
2018-04-09 09:15:00,0.9
2018-04-09 09:30:00,0.8
2018-04-09 09:45:00,2.8000002
2018-04-09 10:00:00,4.3
2018-04-09 10:15:00,5.3
2018-04-09 10:30:00,5.6
2018-04-09 10:45:00,4.3
2018-04-09 11:00:00,4.1000004
2018-04-09 11:15:00,4.6000004
2018-04-09 11:30:00,4.1
2018-04-09 11:45:00,3.0
2018-04-09 12:00:00,2.8999999
2018-04-09 12:15:00,4.4
2018-04-09 12:30:00,3.4
2018-04-09 12:45:00,5.3
2018-04-09 13:00:00,2.4
2018-04-09 13:15:00,0.6
2018-04-09 13:30:00,0.0
2018-04-09 13:45:00,0.4
2018-04-09 14:00:00,1.4
2018-04-09 14:15:00,0.2
2018-04-09 14:30:00,0.4
2018-04-09 14:45:00,1.5
2018-04-09 15:00:00,2.8
2018-04-09 15:15:00,3.9
2018-04-09 15:30:00,4.1
2018-04-09 15:45:00,3.8999999
2018-04-09 16:00:00,3.4
2018-04-09 16:15:00,4.8999996
2018-04-09 16:30:00,5.6
2018-04-09 16:45:00,7.1
2018-04-09 17:00:00,7.0
2018-04-09 17:15:00,7.3
2018-04-09 17:30:00,4.8
2018-04-09 17:45:00,1.9000001
2018-04-09 18:00:00,0.1
2018-04-09 18:15:00,1.8
2018-04-09 18:30:00,1.1
2018-04-09 18:45:00,1.0
2018-04-09 19:00:00,0.6
2018-04-09 19:15:00,1.0
2018-04-09 19:30:00,0.8
2018-04-09 19:45:00,3.8
2018-04-09 20:00:00,3.6
2018-04-09 20:15:00,4.6
2018-04-09 20:30:00,4.0
2018-04-09 20:45:00,3.8999999
2018-04-09 21:00:00,3.2
2018-04-09 21:15:00,4.7
2018-04-09 21:30:00,6.1
2018-04-09 21:45:00,4.7
2018-04-09 22:00:00,2.1
2018-04-09 22:15:00,6.1
2018-04-09 22:30:00,10.2
2018-04-09 22:45:00,11.5
2018-04-09 23:00:00,10.7
2018-04-09 23:15:00,21.400002
2018-04-09 23:30:00,18.5
2018-04-09 23:45:00,38.8
2018-04-10 00:00:00,53.800003
2018-04-10 00:15:00,72.600006
2018-04-10 00:30:00,98.8
2018-04-10 00:45:00,90.6
2018-04-10 01:00:00,80.0
2018-04-10 01:15:00,89.6
2018-04-10 01:30:00,83.4
2018-04-10 01:45:00,89.100006
2018-04-10 02:00:00,84.8
2018-04-10 02:15:00,96.100006
2018-04-10 02:30:00,82.5
2018-04-10 02:45:00,74.2
2018-04-10 03:00:00,71.9
2018-04-10 03:15:00,67.0
2018-04-10 03:30:00,69.2
2018-04-10 03:45:00,70.5
2018-04-10 04:00:00,75.8
2018-04-10 04:15:00,79.9
2018-04-10 04:30:00,81.0
2018-04-10 04:45:00,87.9
2018-04-10 05:00:00,98.0
2018-04-10 05:15:00,95.0
2018-04-10 05:30:00,69.3
2018-04-10 05:45:00,67.2
2018-04-10 06:00:00,75.7
2018-04-10 06:15:00,81.600006
2018-04-10 06:30:00,83.6
2018-04-10 06:45:00,86.899994
2018-04-10 07:00:00,83.7
2018-04-10 07:15:00,86.8
2018-04-10 07:30:00,101.899994
2018-04-10 07:45:00,124.8
2018-04-10 08:00:00,140.29999
2018-04-10 08:15:00,134.7
2018-04-10 08:30:00,123.9
2018-04-10 08:45:00,113.2
2018-04-10 09:00:00,115.2
2018-04-10 09:15:00,105.6
2018-04-10 09:30:00,89.7
2018-04-10 09:45:00,74.1
2018-04-10 10:00:00,56.1
2018-04-10 10:15:00,42.699997
2018-04-10 10:30:00,30.300001
2018-04-10 10:45:00,19.6
2018-04-10 11:00:00,16.4
2018-04-10 11:15:00,14.4
2018-04-10 11:30:00,11.4
2018-04-10 11:45:00,5.6000004
2018-04-10 12:00:00,5.3
2018-04-10 12:15:00,2.3
2018-04-10 12:30:00,0.1
2018-04-10 12:45:00,0.0
2018-04-10 13:00:00,0.0
2018-04-10 13:15:00,0.0
2018-04-10 13:30:00,0.0
2018-04-10 13:45:00,0.0
2018-04-10 14:00:00,0.0
2018-04-10 14:15:00,0.0
2018-04-10 14:30:00,0.0
2018-04-10 14:45:00,0.0
2018-04-10 15:00:00,0.0
2018-04-10 15:15:00,0.0
2018-04-10 15:30:00,0.0
2018-04-10 15:45:00,0.0
2018-04-10 16:00:00,0.0
2018-04-10 16:15:00,0.0
2018-04-10 16:30:00,0.0
2018-04-10 16:45:00,0.0
2018-04-10 17:00:00,0.0
2018-04-10 17:15:00,0.0
2018-04-10 17:30:00,0.0
2018-04-10 17:45:00,0.0
2018-04-10 18:00:00,0.0
2018-04-10 18:15:00,0.0
2018-04-10 18:30:00,0.0
2018-04-10 18:45:00,0.0
2018-04-10 19:00:00,0.0
2018-04-10 19:15:00,0.0
2018-04-10 19:30:00,0.0
2018-04-10 19:45:00,0.0
2018-04-10 20:00:00,0.0
2018-04-10 20:15:00,0.0
2018-04-10 20:30:00,0.0
2018-04-10 20:45:00,0.0
2018-04-10 21:00:00,0.3
2018-04-10 21:15:00,0.6
2018-04-10 21:30:00,1.7
2018-04-10 21:45:00,2.7
2018-04-10 22:00:00,0.9
2018-04-10 22:15:00,2.7
2018-04-10 22:30:00,1.4000001
2018-04-10 22:45:00,0.3
2018-04-10 23:00:00,0.5
2018-04-10 23:15:00,1.5999999
2018-04-10 23:30:00,4.2
2018-04-10 23:45:00,10.2
2018-04-11 00:00:00,9.1
2018-04-11 00:15:00,15.6
2018-04-11 00:30:00,16.7
2018-04-11 00:45:00,23.0
2018-04-11 01:00:00,21.9
2018-04-11 01:15:00,27.4
2018-04-11 01:30:00,22.8
2018-04-11 01:45:00,24.2
2018-04-11 02:00:00,27.2
2018-04-11 02:15:00,24.2
2018-04-11 02:30:00,28.0
2018-04-11 02:45:00,72.3
2018-04-11 03:00:00,95.1
2018-04-11 03:15:00,118.1
2018-04-11 03:30:00,125.5
2018-04-11 03:45:00,128.8
2018-04-11 04:00:00,123.600006
2018-04-11 04:15:00,122.5
2018-04-11 04:30:00,130.9
2018-04-11 04:45:00,133.9
2018-04-11 05:01:00,144.20001
2018-04-11 05:15:00,144.70001
2018-04-11 05:30:00,151.2
2018-04-11 05:45:00,156.2
2018-04-11 06:00:00,153.79999
2018-04-11 06:15:00,156.29999
2018-04-11 06:30:00,163.70001
2018-04-11 06:45:00,161.79999
2018-04-11 07:00:00,160.4
2018-04-11 07:15:00,163.6
2018-04-11 07:30:00,161.2
2018-04-11 07:45:00,166.1
2018-04-11 08:00:00,169.5
2018-04-11 08:15:00,166.1
2018-04-11 08:30:00,166.4
2018-04-11 08:45:00,165.79999
2018-04-11 09:00:00,168.9
2018-04-11 09:15:00,172.4
2018-04-11 09:30:00,168.29999
2018-04-11 09:45:00,169.20001
2018-04-11 10:00:00,166.9
2018-04-11 10:15:00,166.3
2018-04-11 10:30:00,164.5
2018-04-11 10:45:00,167.0
2018-04-11 11:00:00,164.1
2018-04-11 11:15:00,167.7
2018-04-11 11:30:00,164.1
2018-04-11 11:45:00,166.0
2018-04-11 12:00:00,162.6
2018-04-11 12:15:00,161.70001
2018-04-11 12:30:00,165.6
2018-04-11 12:45:00,165.7
2018-04-11 13:00:00,163.2
2018-04-11 13:15:00,164.5
2018-04-11 13:30:00,164.70001
2018-04-11 13:45:00,157.70001
2018-04-11 14:00:00,155.1
2018-04-11 14:15:00,144.7
2018-04-11 14:30:00,140.2
2018-04-11 14:45:00,126.200005
2018-04-11 15:00:00,119.6
2018-04-11 15:15:00,123.5
2018-04-11 15:30:00,119.8
2018-04-11 15:45:00,124.5
2018-04-11 16:00:00,126.7
2018-04-11 16:15:00,154.4
2018-04-11 16:30:00,152.20001
2018-04-11 16:45:00,163.8
2018-04-11 17:00:00,153.9
2018-04-11 17:15:00,153.70001
2018-04-11 17:30:00,150.6
2018-04-11 17:45:00,145.6
2018-04-11 18:00:00,142.6
2018-04-11 18:15:00,137.4
2018-04-11 18:30:00,139.9
2018-04-11 18:45:00,134.8
2018-04-11 19:00:00,151.7
2018-04-11 19:15:00,149.8
2018-04-11 19:30:00,148.7
2018-04-11 19:45:00,137.4
2018-04-11 20:00:00,144.3
2018-04-11 20:15:00,137.5
2018-04-11 20:30:00,138.5
2018-04-11 20:45:00,135.70001
2018-04-11 21:00:00,141.4
2018-04-11 21:15:00,138.0
2018-04-11 21:30:00,141.8
2018-04-11 21:45:00,136.0
2018-04-11 22:00:00,128.29999
2018-04-11 22:15:00,135.0
2018-04-11 22:30:00,144.29999
2018-04-11 22:45:00,148.8
2018-04-11 23:00:00,145.2
2018-04-11 23:15:00,140.7
2018-04-11 23:30:00,135.3
2018-04-11 23:45:00,121.399994
2018-04-12 00:00:00,124.600006
2018-04-12 00:15:00,118.6
2018-04-12 00:30:00,113.4
2018-04-12 00:45:00,122.8
2018-04-12 01:00:00,143.0
2018-04-12 01:15:00,146.6
2018-04-12 01:30:00,151.8
2018-04-12 01:45:00,160.7
2018-04-12 02:00:00,164.6
2018-04-12 02:15:00,161.70001
2018-04-12 02:30:00,161.6
2018-04-12 02:45:00,162.0
2018-04-12 03:00:00,161.8
2018-04-12 03:15:00,163.8
2018-04-12 03:30:00,165.8
2018-04-12 03:45:00,164.0
2018-04-12 04:00:00,164.1
2018-04-12 04:15:00,166.1
2018-04-12 04:30:00,165.5
2018-04-12 04:45:00,165.9
2018-04-12 05:00:00,166.4
2018-04-12 05:15:00,166.6
2018-04-12 05:30:00,166.4
2018-04-12 05:45:00,166.6
2018-04-12 06:00:00,166.4
2018-04-12 06:15:00,166.4
2018-04-12 06:30:00,164.9
2018-04-12 06:45:00,164.5
2018-04-12 07:00:00,164.4
2018-04-12 07:15:00,164.3
2018-04-12 07:30:00,164.6
2018-04-12 07:45:00,164.6
2018-04-12 08:00:00,162.8
2018-04-12 08:15:00,164.7
2018-04-12 08:30:00,163.20001
2018-04-12 08:45:00,163.0
2018-04-12 09:00:00,162.79999
2018-04-12 09:15:00,161.3
2018-04-12 09:30:00,161.1
2018-04-12 09:45:00,161.1
2018-04-12 10:00:00,162.5
2018-04-12 10:15:00,162.70001
2018-04-12 10:30:00,162.7
2018-04-12 10:45:00,162.7
2018-04-12 11:00:00,161.0
2018-04-12 11:15:00,161.4
2018-04-12 11:30:00,160.5
2018-04-12 11:45:00,160.6
2018-04-12 12:00:00,160.2
2018-04-12 12:15:00,161.0
2018-04-12 12:30:00,161.29999
2018-04-12 12:45:00,159.1
2018-04-12 13:00:00,158.0
2018-04-12 13:15:00,155.8
2018-04-12 13:30:00,157.79999
2018-04-12 13:45:00,151.79999
2018-04-12 14:00:00,155.1
2018-04-12 14:15:00,154.0
2018-04-12 14:30:00,155.5
2018-04-12 14:45:00,157.6
2018-04-12 15:00:00,154.0
2018-04-12 15:15:00,154.1
2018-04-12 15:30:00,152.2
2018-04-12 15:45:00,144.4
2018-04-12 16:00:00,147.3
2018-04-12 16:15:00,146.4
2018-04-12 16:30:00,140.79999
2018-04-12 16:45:00,133.1
2018-04-12 17:00:00,131.79999
2018-04-12 17:15:00,123.100006
2018-04-12 17:30:00,124.3
2018-04-12 17:45:00,119.4
2018-04-12 18:00:00,125.700005
2018-04-12 18:15:00,123.899994
2018-04-12 18:30:00,118.1
2018-04-12 18:45:00,122.3
2018-04-12 19:00:00,120.6
2018-04-12 19:15:00,114.7
2018-04-12 19:30:00,101.8
2018-04-12 19:45:00,105.1
2018-04-12 20:00:00,103.0
2018-04-12 20:15:00,96.1
2018-04-12 20:30:00,95.399994
2018-04-12 20:45:00,88.8
2018-04-12 21:00:00,85.2
2018-04-12 21:15:00,87.1
2018-04-12 21:30:00,95.4
2018-04-12 21:45:00,104.2
2018-04-12 22:00:00,103.899994
2018-04-12 22:15:00,105.0
2018-04-12 22:30:00,101.100006
2018-04-12 22:45:00,96.5
2018-04-12 23:00:00,114.0
2018-04-12 23:15:00,110.600006
2018-04-12 23:30:00,118.9
2018-04-12 23:45:00,105.3
2018-04-13 00:00:00,91.7
2018-04-13 00:15:00,78.4
2018-04-13 00:30:00,75.7
2018-04-13 00:45:00,95.4
2018-04-13 01:00:00,114.399994
2018-04-13 01:15:00,142.70001
2018-04-13 01:30:00,153.6
2018-04-13 01:45:00,153.8
2018-04-13 02:00:00,154.20001
2018-04-13 02:15:00,151.79999
2018-04-13 02:30:00,150.70001
2018-04-13 02:45:00,152.5
2018-04-13 03:00:00,148.5
2018-04-13 03:15:00,146.6
2018-04-13 03:30:00,146.9
2018-04-13 03:45:00,150.4
2018-04-13 04:00:00,150.79999
2018-04-13 04:15:00,150.5
2018-04-13 04:30:00,156.2
2018-04-13 04:45:00,156.1
2018-04-13 05:00:00,157.9
2018-04-13 05:15:00,158.1
2018-04-13 05:30:00,155.3
2018-04-13 05:45:00,156.0
2018-04-13 06:00:00,157.2
2018-04-13 06:15:00,155.2
2018-04-13 06:30:00,154.4
2018-04-13 06:45:00,155.1
2018-04-13 07:00:00,155.0
2018-04-13 07:15:00,154.5
2018-04-13 07:30:00,155.29999
2018-04-13 07:45:00,154.8
2018-04-13 08:00:00,154.5
2018-04-13 08:15:00,155.7
2018-04-13 08:30:00,156.4
2018-04-13 08:45:00,154.20001
2018-04-13 09:00:00,155.79999
2018-04-13 09:15:00,156.9
2018-04-13 09:30:00,152.9
2018-04-13 09:45:00,147.5
2018-04-13 10:00:00,139.3
2018-04-13 10:15:00,140.0
2018-04-13 10:30:00,121.100006
2018-04-13 10:45:00,129.0
2018-04-13 11:00:00,122.399994
2018-04-13 11:15:00,129.4
2018-04-13 11:30:00,135.2
2018-04-13 11:45:00,138.7
2018-04-13 12:00:00,141.1
2018-04-13 12:15:00,134.5
2018-04-13 12:30:00,121.8
2018-04-13 12:45:00,130.6
2018-04-13 13:00:00,126.899994
2018-04-13 13:15:00,137.5
2018-04-13 13:30:00,141.5
2018-04-13 13:45:00,137.0
2018-04-13 14:00:00,147.6
2018-04-13 14:15:00,147.0
2018-04-13 14:30:00,146.6
2018-04-13 14:45:00,143.1
2018-04-13 15:00:00,130.4
2018-04-13 15:15:00,126.4
2018-04-13 15:30:00,120.8
2018-04-13 15:45:00,125.3
2018-04-13 16:00:00,96.3
2018-04-13 16:15:00,92.4
2018-04-13 16:30:00,111.100006
2018-04-13 16:45:00,134.4
2018-04-13 17:00:00,144.0
2018-04-13 17:15:00,134.70001
2018-04-13 17:30:00,133.9
2018-04-13 17:45:00,124.1
2018-04-13 18:00:00,126.600006
2018-04-13 18:15:00,127.2
2018-04-13 18:30:00,127.399994
2018-04-13 18:45:00,128.5
2018-04-13 19:00:00,137.5
2018-04-13 19:15:00,125.200005
2018-04-13 19:30:00,130.5
2018-04-13 19:45:00,133.3
2018-04-13 20:00:00,141.1
2018-04-13 20:15:00,140.20001
2018-04-13 20:30:00,129.29999
2018-04-13 20:45:00,133.1
2018-04-13 21:00:00,150.1
2018-04-13 21:15:00,142.0
2018-04-13 21:30:00,144.7
2018-04-13 21:45:00,145.5
2018-04-13 22:00:00,143.8
2018-04-13 22:15:00,141.5
2018-04-13 22:30:00,132.4
2018-04-13 22:45:00,143.0
2018-04-13 23:00:00,140.7
2018-04-13 23:15:00,147.4
2018-04-13 23:30:00,142.9
2018-04-13 23:45:00,153.6
2018-04-14 00:00:00,150.7
2018-04-14 00:15:00,155.1
2018-04-14 00:30:00,150.8
2018-04-14 00:45:00,150.9
2018-04-14 01:00:00,152.6
2018-04-14 01:15:00,153.0
2018-04-14 01:30:00,147.5
2018-04-14 01:45:00,147.6
2018-04-14 02:00:00,147.5
2018-04-14 02:15:00,146.0
2018-04-14 02:30:00,145.5
2018-04-14 02:45:00,146.0
2018-04-14 03:00:00,145.8
2018-04-14 03:15:00,146.4
2018-04-14 03:30:00,142.3
2018-04-14 03:45:00,146.7
2018-04-14 04:00:00,145.70001
2018-04-14 04:15:00,145.0
2018-04-14 04:30:00,150.0
2018-04-14 04:45:00,149.9
2018-04-14 05:00:00,148.0
2018-04-14 05:15:00,146.0
2018-04-14 05:30:00,143.2
2018-04-14 05:45:00,140.0
2018-04-14 06:00:00,138.3
2018-04-14 06:15:00,132.3
2018-04-14 06:30:00,131.0
2018-04-14 06:45:00,118.3
2018-04-14 07:00:00,117.5
2018-04-14 07:15:00,118.3
2018-04-14 07:30:00,124.8
2018-04-14 07:45:00,130.6
2018-04-14 08:00:00,119.2
2018-04-14 08:15:00,143.5
2018-04-14 08:30:00,145.9
2018-04-14 08:45:00,140.6
2018-04-14 09:00:00,127.0
2018-04-14 09:15:00,117.399994
2018-04-14 09:30:00,116.3
2018-04-14 09:45:00,113.6
2018-04-14 10:00:00,83.1
2018-04-14 10:15:00,79.0
2018-04-14 10:30:00,74.7
2018-04-14 10:45:00,57.2
2018-04-14 11:00:00,52.9
2018-04-14 11:15:00,50.5
2018-04-14 11:30:00,73.3
2018-04-14 11:45:00,76.7
2018-04-14 12:00:00,75.7
2018-04-14 12:15:00,86.1
2018-04-14 12:30:00,68.5
2018-04-14 12:45:00,42.4
2018-04-14 13:00:00,78.7
2018-04-14 13:15:00,96.6
2018-04-14 13:30:00,117.899994
2018-04-14 13:45:00,127.8
2018-04-14 14:00:00,137.8
2018-04-14 14:15:00,138.6
2018-04-14 14:30:00,141.5
2018-04-14 14:45:00,144.3
2018-04-14 15:00:00,141.7
2018-04-14 15:15:00,138.1
2018-04-14 15:30:00,138.3
2018-04-14 15:45:00,139.0
2018-04-14 16:00:00,140.7
2018-04-14 16:15:00,135.1
2018-04-14 16:30:00,138.9
2018-04-14 16:45:00,141.8
2018-04-14 17:00:00,138.4
2018-04-14 17:15:00,141.5
2018-04-14 17:30:00,138.79999
2018-04-14 17:45:00,140.7
2018-04-14 18:00:00,142.6
2018-04-14 18:15:00,140.0
2018-04-14 18:30:00,137.5
2018-04-14 18:45:00,136.79999
2018-04-14 19:00:00,136.7
2018-04-14 19:15:00,133.79999
2018-04-14 19:30:00,134.79999
2018-04-14 19:45:00,128.2
2018-04-14 20:00:00,138.2
2018-04-14 20:15:00,138.4
2018-04-14 20:30:00,129.1
2018-04-14 20:45:00,126.9
2018-04-14 21:00:00,126.4
2018-04-14 21:15:00,128.7
2018-04-14 21:30:00,126.6
2018-04-14 21:45:00,119.8
2018-04-14 22:00:00,121.6
2018-04-14 22:15:00,132.7
2018-04-14 22:30:00,131.29999
2018-04-14 22:45:00,132.5
2018-04-14 23:00:00,130.9
2018-04-14 23:15:00,132.29999
2018-04-14 23:30:00,131.1
2018-04-14 23:45:00,127.4
2018-04-15 00:00:00,118.399994
2018-04-15 00:15:00,115.9
2018-04-15 00:30:00,107.2
2018-04-15 00:45:00,106.3
2018-04-15 01:00:00,69.9
2018-04-15 01:15:00,43.800003
2018-04-15 01:30:00,45.3
2018-04-15 01:45:00,54.199997
2018-04-15 02:00:00,52.699997
2018-04-15 02:15:00,48.4
2018-04-15 02:30:00,39.0
2018-04-15 02:45:00,35.4
2018-04-15 03:00:00,51.199997
2018-04-15 03:15:00,65.5
2018-04-15 03:30:00,71.8
2018-04-15 03:45:00,70.8
2018-04-15 04:00:00,61.3
2018-04-15 04:15:00,62.3
2018-04-15 04:30:00,43.3
2018-04-15 04:45:00,38.7
2018-04-15 05:00:00,39.1
2018-04-15 05:15:00,36.800003
2018-04-15 05:30:00,32.0
2018-04-15 05:45:00,42.1
2018-04-15 06:00:00,48.5
2018-04-15 06:15:00,42.8
2018-04-15 06:30:00,44.6
2018-04-15 06:45:00,52.6
2018-04-15 07:00:00,45.9
2018-04-15 07:15:00,40.6
2018-04-15 07:30:00,19.2
2018-04-15 07:45:00,12.8
2018-04-15 08:00:00,11.0
2018-04-15 08:15:00,7.0
2018-04-15 08:30:00,5.4
2018-04-15 08:45:00,2.4
2018-04-15 09:00:00,0.0
2018-04-15 09:15:00,0.3
2018-04-15 09:30:00,0.0
2018-04-15 09:45:00,0.0
2018-04-15 10:00:00,0.0
2018-04-15 10:15:00,0.1
2018-04-15 10:30:00,3.3999999
2018-04-15 10:45:00,0.7
2018-04-15 11:00:00,2.2
2018-04-15 11:15:00,3.7
2018-04-15 11:30:00,4.6
2018-04-15 11:45:00,13.9
2018-04-15 12:00:00,13.6
2018-04-15 12:15:00,5.8
2018-04-15 12:30:00,1.0
2018-04-15 12:45:00,0.4
2018-04-15 13:00:00,1.1
2018-04-15 13:15:00,4.2
2018-04-15 13:30:00,2.3999999
2018-04-15 13:45:00,3.2
2018-04-15 14:00:00,5.3
2018-04-15 14:15:00,13.799999
2018-04-15 14:30:00,23.4
2018-04-15 14:45:00,25.8
2018-04-15 15:00:00,32.4
2018-04-15 15:15:00,41.0
2018-04-15 15:30:00,35.0
2018-04-15 15:45:00,36.1
2018-04-15 16:00:00,45.4
2018-04-15 16:15:00,33.8
2018-04-15 16:30:00,24.9
2018-04-15 16:45:00,25.0
2018-04-15 17:00:00,21.4
2018-04-15 17:15:00,15.8
2018-04-15 17:30:00,14.7
2018-04-15 17:45:00,11.9
2018-04-15 18:00:00,13.6
2018-04-15 18:15:00,12.0
2018-04-15 18:30:00,10.4
2018-04-15 18:45:00,7.5
2018-04-15 19:00:00,4.3
2018-04-15 19:15:00,2.9
2018-04-15 19:30:00,2.5
2018-04-15 19:45:00,1.3
2018-04-15 20:00:00,1.6
2018-04-15 20:15:00,0.4
2018-04-15 20:30:00,0.6
2018-04-15 20:45:00,0.3
2018-04-15 21:00:00,0.1
2018-04-15 21:15:00,0.0
2018-04-15 21:30:00,0.0
2018-04-15 21:45:00,0.0
2018-04-15 22:00:00,0.0
2018-04-15 22:15:00,0.0
2018-04-15 22:30:00,0.0
2018-04-15 22:45:00,0.0
2018-04-15 23:00:00,0.0
2018-04-15 23:15:00,0.0
2018-04-15 23:30:00,0.0
2018-04-15 23:45:00,0.0
2018-04-16 00:00:00,0.0
2018-04-16 00:15:00,0.0
2018-04-16 00:30:00,0.0
2018-04-16 00:45:00,0.0
2018-04-16 01:00:00,0.0
2018-04-16 01:15:00,0.0
2018-04-16 01:30:00,0.0
2018-04-16 01:45:00,0.0
2018-04-16 02:00:00,0.1
2018-04-16 02:15:00,3.1999998
2018-04-16 02:30:00,7.3
2018-04-16 02:45:00,12.5
2018-04-16 03:00:00,16.3
2018-04-16 03:15:00,21.4
2018-04-16 03:30:00,21.6
2018-04-16 03:45:00,24.599998
2018-04-16 04:00:00,27.6
2018-04-16 04:15:00,29.5
2018-04-16 04:30:00,41.199997
2018-04-16 04:45:00,49.5
2018-04-16 05:00:00,57.3
2018-04-16 05:15:00,51.699997
2018-04-16 05:30:00,86.399994
2018-04-16 05:45:00,89.6
2018-04-16 06:00:00,82.8
2018-04-16 06:15:00,100.4
2018-04-16 06:30:00,120.0
2018-04-16 06:45:00,130.4
2018-04-16 07:00:00,136.4
2018-04-16 07:15:00,142.7
2018-04-16 07:30:00,138.3
2018-04-16 07:45:00,137.0
2018-04-16 08:00:00,131.9
2018-04-16 08:15:00,138.4
2018-04-16 08:30:00,142.8
2018-04-16 08:45:00,142.8
2018-04-16 09:00:00,143.3
2018-04-16 09:15:00,140.4
2018-04-16 09:30:00,140.8
2018-04-16 09:45:00,137.4
2018-04-16 10:00:00,135.6
2018-04-16 10:15:00,121.5
2018-04-16 10:30:00,99.9
2018-04-16 10:45:00,105.9
2018-04-16 11:00:00,99.0
2018-04-16 11:15:00,109.8
2018-04-16 11:30:00,118.5
2018-04-16 11:45:00,120.399994
2018-04-16 12:00:00,127.399994
2018-04-16 12:15:00,133.6
2018-04-16 12:30:00,135.8
2018-04-16 12:45:00,129.9
2018-04-16 13:00:00,133.79999
2018-04-16 13:15:00,130.4
2018-04-16 13:30:00,126.899994
2018-04-16 13:45:00,125.399994
2018-04-16 14:00:00,124.7
2018-04-16 14:15:00,123.2
2018-04-16 14:30:00,125.600006
2018-04-16 14:45:00,130.2
2018-04-16 15:00:00,129.79999
2018-04-16 15:15:00,124.600006
2018-04-16 15:30:00,124.9
2018-04-16 15:45:00,120.399994
2018-04-16 16:00:00,126.1
2018-04-16 16:15:00,123.9
2018-04-16 16:30:00,128.4
2018-04-16 16:45:00,123.299995
2018-04-16 17:00:00,120.9
2018-04-16 17:15:00,107.2
2018-04-16 17:30:00,112.6
2018-04-16 17:45:00,105.9
2018-04-16 18:00:00,106.5
2018-04-16 18:15:00,111.7
2018-04-16 18:30:00,102.2
2018-04-16 18:45:00,105.8
2018-04-16 19:00:00,108.600006
2018-04-16 19:15:00,114.5
2018-04-16 19:30:00,117.9
2018-04-16 19:45:00,112.7
2018-04-16 20:00:00,116.7
2018-04-16 20:15:00,117.100006
2018-04-16 20:30:00,113.3
2018-04-16 20:45:00,105.8
2018-04-16 21:00:00,101.3
2018-04-16 21:15:00,106.0
2018-04-16 21:30:00,98.0
2018-04-16 21:45:00,103.8
2018-04-16 22:00:00,109.5
2018-04-16 22:15:00,112.600006
2018-04-16 22:30:00,102.8
2018-04-16 22:45:00,108.899994
2018-04-16 23:00:00,117.399994
2018-04-16 23:15:00,109.0
2018-04-16 23:30:00,100.100006
2018-04-16 23:45:00,113.9
2018-04-17 00:00:00,121.6
2018-04-17 00:15:00,98.0
2018-04-17 00:30:00,100.399994
2018-04-17 00:45:00,93.399994
2018-04-17 01:00:00,81.6
2018-04-17 01:15:00,87.899994
2018-04-17 01:30:00,96.9
2018-04-17 01:45:00,113.700005
2018-04-17 02:00:00,123.799995
2018-04-17 02:15:00,133.5
2018-04-17 02:30:00,143.0
2018-04-17 02:45:00,143.20001
2018-04-17 03:00:00,137.79999
2018-04-17 03:15:00,127.9
2018-04-17 03:30:00,135.0
2018-04-17 03:45:00,142.6
2018-04-17 04:00:00,143.0
2018-04-17 04:15:00,141.6
2018-04-17 04:30:00,146.1
2018-04-17 04:45:00,149.20001
2018-04-17 05:00:00,150.0
2018-04-17 05:15:00,141.7
2018-04-17 05:30:00,149.1
2018-04-17 05:45:00,149.0
2018-04-17 06:00:00,149.0
2018-04-17 06:15:00,146.4
2018-04-17 06:30:00,151.0
2018-04-17 06:45:00,148.5
2018-04-17 07:00:00,148.79999
2018-04-17 07:15:00,148.5
2018-04-17 07:30:00,149.20001
2018-04-17 07:45:00,146.8
2018-04-17 08:00:00,145.2
2018-04-17 08:15:00,149.0
2018-04-17 08:30:00,144.9
2018-04-17 08:45:00,145.5
2018-04-17 09:00:00,149.1
2018-04-17 09:15:00,149.2
2018-04-17 09:30:00,146.9
2018-04-17 09:45:00,147.1
2018-04-17 10:00:00,143.6
2018-04-17 10:15:00,143.1
2018-04-17 10:30:00,143.5
2018-04-17 10:45:00,147.5
2018-04-17 11:00:00,146.7
2018-04-17 11:15:00,145.4
2018-04-17 11:30:00,140.79999
2018-04-17 11:45:00,141.5
2018-04-17 12:00:00,140.70001
2018-04-17 12:15:00,135.0
2018-04-17 12:30:00,131.0
2018-04-17 12:45:00,134.5
2018-04-17 13:00:00,134.4
2018-04-17 13:15:00,134.20001
2018-04-17 13:30:00,134.0
2018-04-17 13:45:00,135.3
2018-04-17 14:00:00,132.1
2018-04-17 14:15:00,134.1
2018-04-17 14:30:00,128.5
2018-04-17 14:45:00,131.70001
2018-04-17 15:00:00,123.899994
2018-04-17 15:15:00,121.8
2018-04-17 15:30:00,129.6
2018-04-17 15:45:00,129.70001
2018-04-17 16:00:00,131.9
2018-04-17 16:21:00,125.5
2018-04-17 16:30:00,129.0
2018-04-17 16:45:00,129.6
2018-04-17 17:00:00,124.1
2018-04-17 17:15:00,124.4
2018-04-17 17:30:00,121.7
2018-04-17 17:45:00,115.7
2018-04-17 18:00:00,103.2
2018-04-17 18:15:00,105.5
2018-04-17 18:30:00,123.3
2018-04-17 18:45:00,103.9
2018-04-17 19:00:00,94.5
2018-04-17 19:15:00,93.600006
2018-04-17 19:30:00,76.8
2018-04-17 19:45:00,79.5
2018-04-17 20:00:00,76.1
2018-04-17 20:15:00,67.9
2018-04-17 20:30:00,65.2
2018-04-17 20:45:00,63.4
2018-04-17 21:00:00,57.9
2018-04-17 21:15:00,74.1
2018-04-17 21:30:00,80.5
2018-04-17 21:45:00,72.7
2018-04-17 22:00:00,85.0
2018-04-17 22:15:00,97.4
2018-04-17 22:30:00,109.100006
2018-04-17 22:45:00,111.2
2018-04-17 23:00:00,114.5
2018-04-17 23:15:00,92.9
2018-04-17 23:30:00,87.0
2018-04-17 23:45:00,76.2
2018-04-18 00:00:00,67.100006
2018-04-18 00:15:00,47.5
2018-04-18 00:30:00,43.800003
2018-04-18 00:45:00,42.8
2018-04-18 01:00:00,44.4
2018-04-18 01:15:00,64.4
2018-04-18 01:30:00,65.6
2018-04-18 01:45:00,67.9
2018-04-18 02:00:00,83.0
2018-04-18 02:15:00,129.1
2018-04-18 02:30:00,146.5
2018-04-18 02:45:00,150.29999
2018-04-18 03:00:00,146.5
2018-04-18 03:15:00,149.4
2018-04-18 03:30:00,152.5
2018-04-18 03:45:00,152.4
2018-04-18 04:00:00,152.2
2018-04-18 04:15:00,152.20001
2018-04-18 04:30:00,150.5
2018-04-18 04:45:00,148.1
2018-04-18 05:01:00,150.4
2018-04-18 05:15:00,154.3
2018-04-18 05:30:00,153.70001
2018-04-18 05:45:00,154.2
2018-04-18 06:00:00,146.4
2018-04-18 06:15:00,145.1
2018-04-18 06:30:00,149.20001
2018-04-18 06:45:00,149.3
2018-04-18 07:00:00,143.8
2018-04-18 07:15:00,130.5
2018-04-18 07:30:00,131.70001
2018-04-18 07:45:00,123.6
2018-04-18 08:00:00,123.9
2018-04-18 08:15:00,135.5
2018-04-18 08:30:00,130.6
2018-04-18 08:45:00,100.600006
2018-04-18 09:00:00,107.7
2018-04-18 09:15:00,151.2
2018-04-18 09:30:00,141.4
2018-04-18 09:45:00,128.7
2018-04-18 10:00:00,126.100006
2018-04-18 10:15:00,122.2
2018-04-18 10:30:00,111.0
2018-04-18 10:45:00,119.0
2018-04-18 11:00:00,121.3
2018-04-18 11:15:00,105.3
2018-04-18 11:30:00,99.7
2018-04-18 11:45:00,80.6
2018-04-18 12:00:00,81.5
2018-04-18 12:15:00,113.1
2018-04-18 12:30:00,111.7
2018-04-18 12:45:00,106.8
2018-04-18 13:00:00,96.4
2018-04-18 13:15:00,84.8
2018-04-18 13:30:00,110.7
2018-04-18 13:45:00,120.2
2018-04-18 14:00:00,132.8
2018-04-18 14:15:00,47.5
2018-04-18 14:30:00,13.799999
2018-04-18 14:45:00,109.5
2018-04-18 15:00:00,32.7
2018-04-18 15:15:00,4.6
2018-04-18 15:30:00,3.6
2018-04-18 15:45:00,3.5
2018-04-18 16:00:00,3.6
2018-04-18 16:15:00,2.8
2018-04-18 16:30:00,2.8
2018-04-18 16:45:00,2.8
2018-04-18 17:00:00,2.9
2018-04-18 17:15:00,2.9
2018-04-18 17:30:00,1.5
2018-04-18 17:45:00,81.5
2018-04-18 18:00:00,1.5
2018-04-18 18:15:00,1.6
2018-04-18 18:30:00,81.8
2018-04-18 18:45:00,86.399994
2018-04-18 19:00:00,81.0
2018-04-18 19:15:00,86.2
2018-04-18 19:30:00,76.4
2018-04-18 19:45:00,64.3
2018-04-18 20:00:00,67.9
2018-04-18 20:15:00,60.6
2018-04-18 20:30:00,70.2
2018-04-18 20:45:00,67.3
2018-04-18 21:00:00,66.8
2018-04-18 21:15:00,56.1
2018-04-18 21:30:00,55.699997
2018-04-18 21:45:00,54.0
2018-04-18 22:00:00,48.2
2018-04-18 22:15:00,38.8
2018-04-18 22:30:00,40.199997
2018-04-18 22:45:00,38.0
2018-04-18 23:00:00,36.5
2018-04-18 23:15:00,38.0
2018-04-18 23:30:00,31.7
2018-04-18 23:45:00,27.2
2018-04-19 00:00:00,19.8
2018-04-19 00:15:00,16.7
2018-04-19 00:30:00,12.3
2018-04-19 00:45:00,17.0
2018-04-19 01:00:00,16.6
2018-04-19 01:15:00,15.2
2018-04-19 01:30:00,18.3
2018-04-19 01:45:00,21.7
2018-04-19 02:00:00,24.1
2018-04-19 02:15:00,20.8
2018-04-19 02:30:00,16.1
2018-04-19 02:45:00,17.5
2018-04-19 03:00:00,17.900002
2018-04-19 03:15:00,15.0
2018-04-19 03:30:00,15.3
2018-04-19 03:45:00,17.5
2018-04-19 04:00:00,13.4
2018-04-19 04:15:00,12.1
2018-04-19 04:30:00,12.9
2018-04-19 04:45:00,13.1
2018-04-19 05:00:00,7.7
2018-04-19 05:15:00,4.6
2018-04-19 05:30:00,5.9
2018-04-19 05:45:00,3.6
2018-04-19 06:00:00,4.4
2018-04-19 06:15:00,5.5
2018-04-19 06:30:00,7.6
2018-04-19 06:45:00,9.700001
2018-04-19 07:00:00,10.5
2018-04-19 07:15:00,12.5
2018-04-19 07:30:00,8.4
2018-04-19 07:45:00,7.2
2018-04-19 08:00:00,10.200001
2018-04-19 08:15:00,11.9
2018-04-19 08:30:00,14.200001
2018-04-19 08:45:00,21.6
2018-04-19 09:00:00,87.0
2018-04-19 09:15:00,104.0
2018-04-19 09:30:00,128.2
2018-04-19 09:45:00,128.0
2018-04-19 10:00:00,131.4
2018-04-19 10:15:00,124.3
2018-04-19 10:30:00,100.1
2018-04-19 10:45:00,90.2
2018-04-19 11:00:00,95.2
2018-04-19 11:15:00,90.2
2018-04-19 11:30:00,79.5
2018-04-19 11:45:00,68.0
2018-04-19 12:00:00,76.2
2018-04-19 12:15:00,88.1
2018-04-19 12:30:00,83.1
2018-04-19 12:45:00,78.5
2018-04-19 13:00:00,72.2
2018-04-19 13:15:00,57.4
2018-04-19 13:30:00,55.9
2018-04-19 13:45:00,51.9
2018-04-19 14:00:00,48.6
2018-04-19 14:15:00,54.0
2018-04-19 14:30:00,58.399998
2018-04-19 14:45:00,58.7
2018-04-19 15:00:00,54.699997
2018-04-19 15:15:00,51.300003
2018-04-19 15:30:00,50.8
2018-04-19 15:45:00,49.0
2018-04-19 16:00:00,35.9
2018-04-19 16:15:00,37.7
2018-04-19 16:30:00,25.599998
2018-04-19 16:45:00,25.2
2018-04-19 17:00:00,28.0
2018-04-19 17:15:00,19.7
2018-04-19 17:30:00,12.1
2018-04-19 17:45:00,18.7
2018-04-19 18:00:00,24.7
2018-04-19 18:15:00,18.3
2018-04-19 18:30:00,13.9
2018-04-19 18:45:00,14.0
2018-04-19 19:00:00,14.799999
2018-04-19 19:15:00,11.9
2018-04-19 19:30:00,19.5
2018-04-19 19:45:00,18.7
2018-04-19 20:00:00,19.9
2018-04-19 20:15:00,18.7
2018-04-19 20:30:00,20.6
2018-04-19 20:45:00,23.4
2018-04-19 21:00:00,25.0
2018-04-19 21:15:00,22.4
2018-04-19 21:30:00,27.1
2018-04-19 21:45:00,28.400002
2018-04-19 22:00:00,30.3
2018-04-19 22:15:00,29.3
2018-04-19 22:30:00,36.1
2018-04-19 22:45:00,34.3
2018-04-19 23:00:00,29.900002
2018-04-19 23:15:00,25.5
2018-04-19 23:30:00,24.400002
2018-04-19 23:45:00,30.1
2018-04-20 00:00:00,32.5
2018-04-20 00:15:00,29.8
2018-04-20 00:30:00,34.0
2018-04-20 00:45:00,30.7
2018-04-20 01:00:00,27.8
2018-04-20 01:15:00,32.199997
2018-04-20 01:30:00,43.1
2018-04-20 01:45:00,51.6
2018-04-20 02:00:00,53.6
2018-04-20 02:15:00,47.1
2018-04-20 02:30:00,59.6
2018-04-20 02:45:00,74.5
2018-04-20 03:00:00,77.1
2018-04-20 03:15:00,80.7
2018-04-20 03:30:00,94.9
2018-04-20 03:45:00,103.0
2018-04-20 04:00:00,102.100006
2018-04-20 04:15:00,105.3
2018-04-20 04:30:00,109.0
2018-04-20 04:45:00,108.7
2018-04-20 05:00:00,107.0
2018-04-20 05:15:00,109.4
2018-04-20 05:30:00,116.399994
2018-04-20 05:45:00,123.399994
2018-04-20 06:00:00,109.600006
2018-04-20 06:15:00,103.5
2018-04-20 06:30:00,96.1
2018-04-20 06:45:00,83.5
2018-04-20 07:00:00,79.399994
2018-04-20 07:15:00,82.2
2018-04-20 07:30:00,104.3
2018-04-20 07:45:00,99.0
2018-04-20 08:00:00,87.7
2018-04-20 08:15:00,86.4
2018-04-20 08:30:00,98.7
2018-04-20 08:45:00,98.2
2018-04-20 09:00:00,93.0
2018-04-20 09:15:00,103.600006
2018-04-20 09:30:00,110.8
2018-04-20 09:45:00,103.399994
2018-04-20 10:00:00,96.8
2018-04-20 10:15:00,89.5
2018-04-20 10:30:00,99.5
2018-04-20 10:45:00,109.4
2018-04-20 11:00:00,118.0
2018-04-20 11:15:00,107.2
2018-04-20 11:30:00,114.1
2018-04-20 11:45:00,122.899994
2018-04-20 12:00:00,107.5
2018-04-20 12:15:00,118.3
2018-04-20 12:30:00,140.5
2018-04-20 12:45:00,140.5
2018-04-20 13:00:00,137.70001
2018-04-20 13:15:00,137.8
2018-04-20 13:30:00,136.6
2018-04-20 13:45:00,133.5
2018-04-20 14:00:00,130.0
2018-04-20 14:15:00,132.5
2018-04-20 14:30:00,141.5
2018-04-20 14:45:00,137.20001
2018-04-20 15:00:00,133.8
2018-04-20 15:15:00,128.7
2018-04-20 15:30:00,136.2
2018-04-20 15:45:00,129.2
2018-04-20 16:00:00,122.2
2018-04-20 16:15:00,114.5
2018-04-20 16:30:00,115.8
2018-04-20 16:45:00,119.3
2018-04-20 17:00:00,119.3
2018-04-20 17:15:00,115.3
2018-04-20 17:30:00,125.100006
2018-04-20 17:45:00,127.7
2018-04-20 18:00:00,133.8
2018-04-20 18:15:00,125.5
2018-04-20 18:30:00,129.0
2018-04-20 18:45:00,126.899994
2018-04-20 19:00:00,126.2
2018-04-20 19:15:00,119.7
2018-04-20 19:30:00,125.8
2018-04-20 19:45:00,140.0
2018-04-20 20:00:00,141.4
2018-04-20 20:15:00,136.0
2018-04-20 20:30:00,155.29999
2018-04-20 20:45:00,147.9
2018-04-20 21:00:00,160.8
2018-04-20 21:15:00,156.7
2018-04-20 21:30:00,153.4
2018-04-20 21:45:00,161.70001
2018-04-20 22:00:00,158.79999
2018-04-20 22:15:00,158.0
2018-04-20 22:30:00,157.6
2018-04-20 22:45:00,155.1
2018-04-20 23:00:00,144.4
2018-04-20 23:15:00,157.79999
2018-04-20 23:30:00,156.9
2018-04-20 23:45:00,158.8
2018-04-21 00:00:00,158.6
2018-04-21 00:15:00,161.1
2018-04-21 00:30:00,162.0
2018-04-21 00:45:00,160.9
2018-04-21 01:00:00,160.20001
2018-04-21 01:15:00,151.8
2018-04-21 01:30:00,149.5
2018-04-21 01:45:00,161.2
2018-04-21 02:00:00,159.4
2018-04-21 02:15:00,161.7
2018-04-21 02:30:00,162.4
2018-04-21 02:45:00,162.29999
2018-04-21 03:00:00,161.7
2018-04-21 03:15:00,152.0
2018-04-21 03:30:00,136.79999
2018-04-21 03:45:00,125.700005
2018-04-21 04:00:00,128.2
2018-04-21 04:15:00,135.3
2018-04-21 04:30:00,122.2
2018-04-21 04:45:00,109.6
2018-04-21 05:00:00,71.399994
2018-04-21 05:15:00,54.6
2018-04-21 05:30:00,62.199997
2018-04-21 05:45:00,75.4
2018-04-21 06:00:00,75.899994
2018-04-21 06:15:00,61.3
2018-04-21 06:30:00,61.3
2018-04-21 06:45:00,57.2
2018-04-21 07:00:00,53.2
2018-04-21 07:15:00,53.3
2018-04-21 07:30:00,79.3
2018-04-21 07:45:00,104.399994
2018-04-21 08:00:00,118.0
2018-04-21 08:15:00,126.899994
2018-04-21 08:30:00,121.0
2018-04-21 08:45:00,144.70001
2018-04-21 09:00:00,154.0
2018-04-21 09:15:00,160.8
2018-04-21 09:30:00,140.70001
2018-04-21 09:45:00,112.600006
2018-04-21 10:00:00,73.8
2018-04-21 10:15:00,88.2
2018-04-21 10:30:00,98.5
2018-04-21 10:45:00,93.100006
2018-04-21 11:00:00,82.2
2018-04-21 11:15:00,88.5
2018-04-21 11:30:00,79.5
2018-04-21 11:45:00,69.6
2018-04-21 12:00:00,61.3
2018-04-21 12:15:00,50.0
2018-04-21 12:30:00,47.8
2018-04-21 12:45:00,40.0
2018-04-21 13:00:00,54.199997
2018-04-21 13:15:00,55.0
2018-04-21 13:30:00,61.9
2018-04-21 13:45:00,110.600006
2018-04-21 14:00:00,149.9
2018-04-21 14:15:00,153.1
2018-04-21 14:30:00,134.8
2018-04-21 14:45:00,128.8
2018-04-21 15:00:00,138.8
2018-04-21 15:15:00,121.7
2018-04-21 15:30:00,125.0
2018-04-21 15:45:00,136.7
2018-04-21 16:00:00,119.4
2018-04-21 16:15:00,115.3
2018-04-21 16:30:00,134.9
2018-04-21 16:45:00,143.7
2018-04-21 17:00:00,128.7
2018-04-21 17:15:00,122.5
2018-04-21 17:30:00,135.9
2018-04-21 17:45:00,124.399994
2018-04-21 18:00:00,117.2
2018-04-21 18:15:00,105.5
2018-04-21 18:30:00,100.2
2018-04-21 18:45:00,107.9
2018-04-21 19:00:00,108.7
2018-04-21 19:15:00,111.100006
2018-04-21 19:30:00,135.0
2018-04-21 19:45:00,138.9
2018-04-21 20:00:00,99.2
2018-04-21 20:15:00,99.2
2018-04-21 20:30:00,103.3
2018-04-21 20:45:00,139.5
2018-04-21 21:00:00,159.8
2018-04-21 21:15:00,155.9
2018-04-21 21:30:00,155.5
2018-04-21 21:45:00,159.7
2018-04-21 22:00:00,168.70001
2018-04-21 22:15:00,165.3
2018-04-21 22:30:00,158.9
2018-04-21 22:45:00,128.6
2018-04-21 23:00:00,104.8
2018-04-21 23:15:00,119.100006
2018-04-21 23:30:00,137.9
2018-04-21 23:45:00,139.9
2018-04-22 00:00:00,138.9
2018-04-22 00:15:00,124.299995
2018-04-22 00:30:00,103.1
2018-04-22 00:45:00,92.600006
2018-04-22 01:00:00,63.100002
2018-04-22 01:15:00,49.7
2018-04-22 01:30:00,44.8
2018-04-22 01:45:00,49.9
2018-04-22 02:00:00,44.5
2018-04-22 02:15:00,52.9
2018-04-22 02:30:00,59.1
2018-04-22 02:45:00,69.600006
2018-04-22 03:00:00,69.2
2018-04-22 03:15:00,75.3
2018-04-22 03:30:00,83.5
2018-04-22 03:45:00,83.0
2018-04-22 04:00:00,84.9
2018-04-22 04:15:00,74.2
2018-04-22 04:30:00,67.1
2018-04-22 04:45:00,56.4
2018-04-22 05:00:00,39.0
2018-04-22 05:15:00,20.5
2018-04-22 05:30:00,27.1
2018-04-22 05:45:00,32.699997
2018-04-22 06:00:00,26.7
2018-04-22 06:15:00,33.4
2018-04-22 06:30:00,31.5
2018-04-22 06:45:00,42.6
2018-04-22 07:00:00,44.0
2018-04-22 07:15:00,53.3
2018-04-22 07:30:00,66.8
2018-04-22 07:45:00,73.100006
2018-04-22 08:00:00,67.8
2018-04-22 08:15:00,64.6
2018-04-22 08:30:00,50.7
2018-04-22 08:45:00,45.6
2018-04-22 09:00:00,32.6
2018-04-22 09:15:00,30.5
2018-04-22 09:30:00,47.2
2018-04-22 09:45:00,59.1
2018-04-22 10:00:00,47.1
2018-04-22 10:15:00,36.2
2018-04-22 10:30:00,42.2
2018-04-22 10:45:00,41.2
2018-04-22 11:00:00,46.0
2018-04-22 11:15:00,49.9
2018-04-22 11:30:00,59.6
2018-04-22 11:45:00,70.2
2018-04-22 12:00:00,81.8
2018-04-22 12:15:00,58.6
2018-04-22 12:30:00,31.599998
2018-04-22 12:45:00,33.1
2018-04-22 13:00:00,29.5
2018-04-22 13:15:00,38.800003
2018-04-22 13:30:00,43.8
2018-04-22 13:45:00,55.8
2018-04-22 14:00:00,62.5
2018-04-22 14:15:00,70.8
2018-04-22 14:30:00,65.1
2018-04-22 14:45:00,83.4
2018-04-22 15:00:00,59.5
2018-04-22 15:15:00,57.9
2018-04-22 15:30:00,58.8
2018-04-22 15:45:00,51.3
2018-04-22 16:00:00,46.6
2018-04-22 16:15:00,41.2
2018-04-22 16:30:00,38.6
2018-04-22 16:45:00,43.4
2018-04-22 17:00:00,44.300003
2018-04-22 17:15:00,54.6
2018-04-22 17:30:00,60.8
2018-04-22 17:45:00,72.0
2018-04-22 18:00:00,65.0
2018-04-22 18:15:00,57.699997
2018-04-22 18:30:00,65.4
2018-04-22 18:45:00,54.8
2018-04-22 19:00:00,58.4
2018-04-22 19:15:00,60.100002
2018-04-22 19:30:00,69.6
2018-04-22 19:45:00,70.399994
2018-04-22 20:00:00,64.1
2018-04-22 20:15:00,56.6
2018-04-22 20:30:00,51.2
2018-04-22 20:45:00,65.1
2018-04-22 21:00:00,46.2
2018-04-22 21:15:00,66.4
2018-04-22 21:30:00,56.2
2018-04-22 21:45:00,57.0
2018-04-22 22:00:00,66.2
2018-04-22 22:15:00,53.0
2018-04-22 22:30:00,54.4
2018-04-22 22:45:00,46.5
2018-04-22 23:00:00,47.5
2018-04-22 23:15:00,60.5
2018-04-22 23:30:00,49.3
2018-04-22 23:45:00,54.199997
2018-04-23 00:00:00,45.7
2018-04-23 00:15:00,45.1
2018-04-23 00:30:00,44.0
2018-04-23 00:45:00,34.0
2018-04-23 01:00:00,24.2
2018-04-23 01:15:00,21.400002
2018-04-23 01:30:00,24.8
2018-04-23 01:45:00,29.7
2018-04-23 02:00:00,18.5
2018-04-23 02:15:00,13.700001
2018-04-23 02:30:00,11.7
2018-04-23 02:45:00,11.200001
2018-04-23 03:00:00,13.8
2018-04-23 03:15:00,17.2
2018-04-23 03:30:00,15.599999
2018-04-23 03:45:00,12.7
2018-04-23 04:00:00,10.6
2018-04-23 04:15:00,13.700001
2018-04-23 04:30:00,18.4
2018-04-23 04:45:00,23.1
2018-04-23 05:00:00,22.1
2018-04-23 05:15:00,23.400002
2018-04-23 05:30:00,16.7
2018-04-23 05:45:00,13.6
2018-04-23 06:00:00,9.9
2018-04-23 06:15:00,9.2
2018-04-23 06:30:00,6.8999996
2018-04-23 06:45:00,9.2
2018-04-23 07:00:00,6.6
2018-04-23 07:15:00,5.5
2018-04-23 07:30:00,6.6
2018-04-23 07:45:00,8.0
2018-04-23 08:00:00,7.0
2018-04-23 08:15:00,5.0
2018-04-23 08:30:00,3.8000002
2018-04-23 08:45:00,4.6
2018-04-23 09:00:00,5.8
2018-04-23 09:15:00,7.2999997
2018-04-23 09:30:00,7.1
2018-04-23 09:45:00,5.0
2018-04-23 10:00:00,4.8
2018-04-23 10:15:00,7.8
2018-04-23 10:30:00,7.9
2018-04-23 10:45:00,8.9
2018-04-23 11:00:00,7.8
2018-04-23 11:15:00,5.8
2018-04-23 11:30:00,8.0
2018-04-23 11:45:00,8.3
2018-04-23 12:00:00,2.3
2018-04-23 12:15:00,3.2
2018-04-23 12:30:00,6.2
2018-04-23 12:45:00,8.9
2018-04-23 13:00:00,9.0
2018-04-23 13:15:00,6.8999996
2018-04-23 13:30:00,2.4
2018-04-23 13:45:00,0.3
2018-04-23 14:00:00,0.0
2018-04-23 14:15:00,0.0
2018-04-23 14:30:00,1.3
2018-04-23 14:45:00,3.5
2018-04-23 15:00:00,2.8
2018-04-23 15:15:00,4.1
2018-04-23 15:30:00,11.2
2018-04-23 15:45:00,7.6
2018-04-23 16:00:00,12.0
2018-04-23 16:15:00,9.9
2018-04-23 16:30:00,13.700001
2018-04-23 16:45:00,6.9
2018-04-23 17:00:00,10.9
2018-04-23 17:15:00,9.0
2018-04-23 17:30:00,3.9
2018-04-23 17:45:00,4.6000004
2018-04-23 18:00:00,4.5
2018-04-23 18:15:00,2.4
2018-04-23 18:30:00,2.6
2018-04-23 18:45:00,1.3000001
2018-04-23 19:00:00,2.1000001
2018-04-23 19:15:00,2.1
2018-04-23 19:30:00,0.2
2018-04-23 19:45:00,0.2
2018-04-23 20:00:00,0.6
2018-04-23 20:15:00,1.7
2018-04-23 20:30:00,0.6
2018-04-23 20:45:00,0.70000005
2018-04-23 21:00:00,0.3
2018-04-23 21:15:00,0.9
2018-04-23 21:30:00,1.5
2018-04-23 21:45:00,2.4
2018-04-23 22:00:00,3.2
2018-04-23 22:15:00,1.2
2018-04-23 22:30:00,0.1
2018-04-23 22:45:00,0.0
2018-04-23 23:00:00,0.2
2018-04-23 23:15:00,0.7
2018-04-23 23:30:00,0.0
2018-04-23 23:45:00,0.0
2018-04-24 00:00:00,0.0
2018-04-24 00:15:00,0.0
2018-04-24 00:30:00,0.0
2018-04-24 00:45:00,0.0
2018-04-24 01:00:00,0.0
2018-04-24 01:15:00,0.0
2018-04-24 01:30:00,0.0
2018-04-24 01:45:00,0.2
2018-04-24 02:00:00,3.7
2018-04-24 02:15:00,12.5
2018-04-24 02:30:00,18.0
2018-04-24 02:45:00,23.900002
2018-04-24 03:00:00,26.5
2018-04-24 03:15:00,24.6
2018-04-24 03:30:00,27.4
2018-04-24 03:45:00,32.7
2018-04-24 04:00:00,43.5
2018-04-24 04:15:00,49.1
2018-04-24 04:30:00,53.0
2018-04-24 04:45:00,57.6
2018-04-24 05:00:00,55.0
2018-04-24 05:15:00,69.0
2018-04-24 05:30:00,74.2
2018-04-24 05:45:00,71.1
2018-04-24 06:00:00,68.7
2018-04-24 06:15:00,68.7
2018-04-24 06:30:00,72.2
2018-04-24 06:45:00,72.7
2018-04-24 07:00:00,79.8
2018-04-24 07:15:00,106.1
2018-04-24 07:30:00,121.5
2018-04-24 07:45:00,120.7
2018-04-24 08:00:00,120.8
2018-04-24 08:15:00,120.6
2018-04-24 08:30:00,114.2
2018-04-24 08:45:00,120.9
2018-04-24 09:00:00,131.70001
2018-04-24 09:15:00,133.1
2018-04-24 09:30:00,125.8
2018-04-24 09:45:00,118.2
2018-04-24 10:00:00,124.100006
2018-04-24 10:15:00,135.6
2018-04-24 10:30:00,140.20001
2018-04-24 10:45:00,139.9
2018-04-24 11:00:00,120.600006
2018-04-24 11:15:00,109.7
2018-04-24 11:30:00,107.399994
2018-04-24 11:45:00,100.7
2018-04-24 12:00:00,94.1
2018-04-24 12:15:00,87.1
2018-04-24 12:30:00,78.5
2018-04-24 12:45:00,69.0
2018-04-24 13:00:00,60.7
2018-04-24 13:15:00,46.5
2018-04-24 13:30:00,37.5
2018-04-24 13:45:00,38.5
2018-04-24 14:00:00,41.9
2018-04-24 14:15:00,36.7
2018-04-24 14:30:00,33.9
2018-04-24 14:45:00,31.0
2018-04-24 15:00:00,29.1
2018-04-24 15:15:00,28.0
2018-04-24 15:30:00,25.6
2018-04-24 15:45:00,25.1
2018-04-24 16:00:00,21.4
2018-04-24 16:15:00,16.9
2018-04-24 16:30:00,13.8
2018-04-24 16:45:00,14.1
2018-04-24 17:00:00,12.200001
2018-04-24 17:15:00,17.9
2018-04-24 17:30:00,21.9
2018-04-24 17:45:00,18.099998
2018-04-24 18:00:00,25.599998
2018-04-24 18:15:00,27.2
2018-04-24 18:30:00,30.0
2018-04-24 18:45:00,30.0
2018-04-24 19:00:00,25.3
2018-04-24 19:15:00,36.1
2018-04-24 19:30:00,39.8
2018-04-24 19:45:00,31.3
2018-04-24 20:00:00,25.8
2018-04-24 20:15:00,21.2
2018-04-24 20:30:00,21.6
2018-04-24 20:45:00,29.599998
2018-04-24 21:00:00,39.0
2018-04-24 21:15:00,32.2
2018-04-24 21:30:00,43.6
2018-04-24 21:45:00,34.6
2018-04-24 22:00:00,43.2
2018-04-24 22:15:00,48.8
2018-04-24 22:30:00,40.699997
2018-04-24 22:45:00,41.1
2018-04-24 23:00:00,45.9
2018-04-24 23:15:00,40.8
2018-04-24 23:30:00,40.8
2018-04-24 23:45:00,26.7
2018-04-25 00:00:00,19.9
2018-04-25 00:15:00,29.6
2018-04-25 00:30:00,25.0
2018-04-25 00:45:00,23.5
2018-04-25 01:00:00,81.7
2018-04-25 01:15:00,46.300003
2018-04-25 01:30:00,23.699999
2018-04-25 01:45:00,8.8
2018-04-25 02:00:00,5.1000004
2018-04-25 02:15:00,0.4
2018-04-25 02:30:00,44.4
2018-04-25 02:45:00,93.0
2018-04-25 03:00:00,102.6
2018-04-25 03:15:00,105.3
2018-04-25 03:30:00,110.899994
2018-04-25 03:45:00,110.7
2018-04-25 04:00:00,107.399994
2018-04-25 04:15:00,108.1
2018-04-25 04:30:00,106.6
2018-04-25 04:45:00,106.600006
2018-04-25 05:00:00,106.8
2018-04-25 05:15:00,105.2
2018-04-25 05:30:00,98.4
2018-04-25 05:45:00,88.0
2018-04-25 06:00:00,49.1
2018-04-25 06:15:00,49.199997
2018-04-25 06:30:00,43.5
2018-04-25 06:45:00,11.700001
2018-04-25 07:00:00,10.9
2018-04-25 07:15:00,26.6
2018-04-25 07:30:00,26.8
2018-04-25 07:45:00,17.0
2018-04-25 08:00:00,18.9
2018-04-25 08:15:00,1.5
2018-04-25 08:30:00,0.4
2018-04-25 08:45:00,0.0
2018-04-25 09:00:00,15.700001
2018-04-25 09:15:00,4.4
2018-04-25 09:30:00,31.0
2018-04-25 09:45:00,38.6
2018-04-25 10:00:00,52.8
2018-04-25 10:15:00,79.6
2018-04-25 10:30:00,65.3
2018-04-25 10:45:00,68.5
2018-04-25 11:00:00,63.7
2018-04-25 11:15:00,74.0
2018-04-25 11:30:00,0.9
2018-04-25 11:45:00,1.8
2018-04-25 12:00:00,2.2
2018-04-25 12:15:00,2.2
2018-04-25 12:30:00,1.4
2018-04-25 12:45:00,1.6
2018-04-25 13:00:00,72.100006
2018-04-25 13:15:00,72.0
2018-04-25 13:30:00,2.3
2018-04-25 13:45:00,1.7
2018-04-25 14:00:00,1.6
2018-04-25 14:15:00,1.7
2018-04-25 14:30:00,68.4
2018-04-25 14:45:00,81.0
2018-04-25 15:00:00,96.1
2018-04-25 15:15:00,69.5
2018-04-25 15:30:00,75.2
2018-04-25 15:45:00,69.3
2018-04-25 16:00:00,91.9
2018-04-25 16:15:00,96.2
2018-04-25 16:30:00,81.0
2018-04-25 16:45:00,68.0
2018-04-25 17:00:00,65.399994
2018-04-25 17:15:00,57.9
2018-04-25 17:30:00,46.5
2018-04-25 17:45:00,48.4
2018-04-25 18:00:00,54.6
2018-04-25 18:15:00,44.0
2018-04-25 18:30:00,35.6
2018-04-25 18:45:00,45.0
2018-04-25 19:00:00,46.6
2018-04-25 19:15:00,36.6
2018-04-25 19:30:00,41.5
2018-04-25 19:45:00,39.800003
2018-04-25 20:00:00,43.3
2018-04-25 20:15:00,41.800003
2018-04-25 20:30:00,25.9
2018-04-25 20:45:00,28.400002
2018-04-25 21:00:00,27.099998
2018-04-25 21:15:00,16.7
2018-04-25 21:30:00,2.7
2018-04-25 21:45:00,1.8
2018-04-25 22:00:00,2.2
2018-04-25 22:15:00,1.0
2018-04-25 22:30:00,0.7
2018-04-25 22:45:00,1.2
2018-04-25 23:00:00,3.6
2018-04-25 23:15:00,2.7
2018-04-25 23:30:00,3.3
2018-04-25 23:45:00,4.5
2018-04-26 00:00:00,5.7
2018-04-26 00:15:00,3.4
2018-04-26 00:30:00,0.6
2018-04-26 00:45:00,1.3
2018-04-26 01:00:00,0.0
2018-04-26 01:15:00,0.0
2018-04-26 01:30:00,0.0
2018-04-26 01:45:00,0.0
2018-04-26 02:00:00,0.0
2018-04-26 02:15:00,0.0
2018-04-26 02:30:00,0.0
2018-04-26 02:45:00,0.0
2018-04-26 03:00:00,0.0
2018-04-26 03:15:00,0.0
2018-04-26 03:30:00,0.0
2018-04-26 03:45:00,0.2
2018-04-26 04:00:00,3.4
2018-04-26 04:15:00,6.1
2018-04-26 04:30:00,7.6
2018-04-26 04:45:00,6.1
2018-04-26 05:00:00,7.1000004
2018-04-26 05:15:00,6.3999996
2018-04-26 05:30:00,8.4
2018-04-26 05:45:00,13.6
2018-04-26 06:00:00,22.6
2018-04-26 06:15:00,22.900002
2018-04-26 06:30:00,26.7
2018-04-26 06:45:00,23.900002
2018-04-26 07:00:00,15.9
2018-04-26 07:15:00,12.0
2018-04-26 07:30:00,10.4
2018-04-26 07:45:00,5.6000004
2018-04-26 08:00:00,3.1
2018-04-26 08:15:00,2.2
2018-04-26 08:30:00,2.1
2018-04-26 08:45:00,0.7
2018-04-26 09:00:00,2.1
2018-04-26 09:15:00,4.5
2018-04-26 09:30:00,9.2
2018-04-26 09:45:00,12.1
2018-04-26 10:00:00,15.0
2018-04-26 10:15:00,19.6
2018-04-26 10:30:00,18.1
2018-04-26 10:45:00,16.7
2018-04-26 11:00:00,17.8
2018-04-26 11:15:00,12.400001
2018-04-26 11:30:00,22.5
2018-04-26 11:45:00,25.8
2018-04-26 12:00:00,26.4
2018-04-26 12:15:00,28.599998
2018-04-26 12:30:00,33.8
2018-04-26 12:45:00,31.1
2018-04-26 13:00:00,28.300001
2018-04-26 13:15:00,24.900002
2018-04-26 13:30:00,30.699999
2018-04-26 13:45:00,26.3
2018-04-26 14:00:00,19.0
2018-04-26 14:15:00,14.2
2018-04-26 14:30:00,9.9
2018-04-26 14:45:00,8.799999
2018-04-26 15:00:00,6.5
2018-04-26 15:15:00,6.9
2018-04-26 15:30:00,3.2
2018-04-26 15:45:00,0.3
2018-04-26 16:00:00,0.5
2018-04-26 16:15:00,1.4
2018-04-26 16:30:00,0.3
2018-04-26 16:45:00,0.0
2018-04-26 17:00:00,0.0
2018-04-26 17:15:00,0.0
2018-04-26 17:30:00,0.0
2018-04-26 17:45:00,0.0
2018-04-26 18:00:00,0.0
2018-04-26 18:15:00,0.0
2018-04-26 18:30:00,0.1
2018-04-26 18:45:00,0.5
2018-04-26 19:00:00,1.3
2018-04-26 19:15:00,1.4000001
2018-04-26 19:30:00,0.0
2018-04-26 19:45:00,0.4
2018-04-26 20:00:00,0.0
2018-04-26 20:15:00,0.0
2018-04-26 20:30:00,0.1
2018-04-26 20:45:00,2.9
2018-04-26 21:00:00,0.2
2018-04-26 21:15:00,0.2
2018-04-26 21:30:00,0.4
2018-04-26 21:45:00,0.0
2018-04-26 22:00:00,0.0
2018-04-26 22:15:00,0.0
2018-04-26 22:30:00,0.0
2018-04-26 22:45:00,0.0
2018-04-26 23:00:00,0.0
2018-04-26 23:15:00,0.0
2018-04-26 23:30:00,0.0
2018-04-26 23:45:00,0.0
2018-04-27 00:00:00,0.0
2018-04-27 00:15:00,0.0
2018-04-27 00:30:00,0.0
2018-04-27 00:45:00,0.3
2018-04-27 01:00:00,5.6000004
2018-04-27 01:15:00,14.5
2018-04-27 01:30:00,30.6
2018-04-27 01:45:00,36.3
2018-04-27 02:00:00,45.5
2018-04-27 02:15:00,43.0
2018-04-27 02:30:00,43.1
2018-04-27 02:45:00,46.9
2018-04-27 03:00:00,49.6
2018-04-27 03:15:00,58.699997
2018-04-27 03:30:00,58.800003
2018-04-27 03:45:00,42.5
2018-04-27 04:00:00,48.7
2018-04-27 04:15:00,50.699997
2018-04-27 04:30:00,37.3
2018-04-27 04:45:00,32.4
2018-04-27 05:00:00,31.800001
2018-04-27 05:15:00,13.3
2018-04-27 05:30:00,3.1
2018-04-27 05:45:00,99.9
2018-04-27 06:00:00,94.3
2018-04-27 06:15:00,82.4
2018-04-27 06:30:00,104.2
2018-04-27 06:45:00,95.899994
2018-04-27 07:00:00,88.7
2018-04-27 07:15:00,76.2
2018-04-27 07:30:00,61.300003
2018-04-27 07:45:00,41.1
2018-04-27 08:00:00,39.199997
2018-04-27 08:15:00,44.4
2018-04-27 08:30:00,27.5
2018-04-27 08:45:00,15.0
2018-04-27 09:00:00,11.700001
2018-04-27 09:15:00,14.6
2018-04-27 09:30:00,18.5
2018-04-27 09:45:00,19.5
2018-04-27 10:00:00,18.7
2018-04-27 10:15:00,15.799999
2018-04-27 10:30:00,8.799999
2018-04-27 10:45:00,8.3
2018-04-27 11:00:00,12.5
2018-04-27 11:15:00,19.2
2018-04-27 11:30:00,24.3
2018-04-27 11:45:00,13.9
2018-04-27 12:00:00,9.700001
2018-04-27 12:15:00,7.9
2018-04-27 12:30:00,7.4
2018-04-27 12:45:00,7.3999996
2018-04-27 13:00:00,6.0
2018-04-27 13:15:00,1.7
2018-04-27 13:30:00,0.0
2018-04-27 13:45:00,0.0
2018-04-27 14:00:00,0.0
2018-04-27 14:15:00,0.2
2018-04-27 14:30:00,0.2
2018-04-27 14:45:00,0.0
2018-04-27 15:00:00,0.0
2018-04-27 15:15:00,0.0
2018-04-27 15:30:00,0.0
2018-04-27 15:45:00,0.0
2018-04-27 16:00:00,0.0
2018-04-27 16:15:00,0.0
2018-04-27 16:30:00,0.0
2018-04-27 16:45:00,0.2
2018-04-27 17:00:00,0.8
2018-04-27 17:15:00,0.3
2018-04-27 17:30:00,0.2
2018-04-27 17:45:00,0.2
2018-04-27 18:00:00,0.0
2018-04-27 18:15:00,0.4
2018-04-27 18:30:00,0.6
2018-04-27 18:45:00,0.0
2018-04-27 19:00:00,0.0
2018-04-27 19:15:00,0.0
2018-04-27 19:30:00,0.0
2018-04-27 19:45:00,0.4
2018-04-27 20:00:00,0.6
2018-04-27 20:15:00,0.7
2018-04-27 20:30:00,0.3
2018-04-27 20:45:00,0.7
2018-04-27 21:00:00,0.5
2018-04-27 21:15:00,0.0
2018-04-27 21:30:00,0.0
2018-04-27 21:45:00,0.0
2018-04-27 22:00:00,0.7
2018-04-27 22:15:00,0.2
2018-04-27 22:30:00,0.0
2018-04-27 22:45:00,0.90000004
2018-04-27 23:00:00,0.0
2018-04-27 23:15:00,0.0
2018-04-27 23:30:00,0.1
2018-04-27 23:45:00,0.3
2018-04-28 00:00:00,0.0
2018-04-28 00:15:00,0.0
2018-04-28 00:30:00,0.0
2018-04-28 00:45:00,0.0
2018-04-28 01:00:00,0.0
2018-04-28 01:15:00,0.0
2018-04-28 01:30:00,0.0
2018-04-28 01:45:00,0.0
2018-04-28 02:00:00,0.0
2018-04-28 02:15:00,0.0
2018-04-28 02:30:00,0.0
2018-04-28 02:45:00,0.0
2018-04-28 03:00:00,0.0
2018-04-28 03:15:00,0.0
2018-04-28 03:30:00,0.0
2018-04-28 03:45:00,0.0
2018-04-28 04:00:00,1.3
2018-04-28 04:15:00,7.3999996
2018-04-28 04:30:00,14.1
2018-04-28 04:45:00,16.4
2018-04-28 05:00:00,21.1
2018-04-28 05:15:00,22.0
2018-04-28 05:30:00,25.5
2018-04-28 05:45:00,25.9
2018-04-28 06:00:00,23.900002
2018-04-28 06:15:00,23.2
2018-04-28 06:30:00,27.5
2018-04-28 06:45:00,44.4
2018-04-28 07:00:00,50.5
2018-04-28 07:15:00,56.699997
2018-04-28 07:30:00,61.9
2018-04-28 07:45:00,65.7
2018-04-28 08:00:00,65.2
2018-04-28 08:15:00,62.800003
2018-04-28 08:30:00,63.4
2018-04-28 08:45:00,66.4
2018-04-28 09:00:00,76.4
2018-04-28 09:15:00,82.899994
2018-04-28 09:30:00,91.600006
2018-04-28 09:45:00,99.7
2018-04-28 10:00:00,113.7
2018-04-28 10:15:00,128.6
2018-04-28 10:30:00,123.8
2018-04-28 10:45:00,118.7
2018-04-28 11:00:00,110.7
2018-04-28 11:15:00,112.1
2018-04-28 11:30:00,109.8
2018-04-28 11:45:00,105.4
2018-04-28 12:00:00,112.1
2018-04-28 12:15:00,99.0
2018-04-28 12:30:00,79.9
2018-04-28 12:45:00,70.0
2018-04-28 13:00:00,58.199997
2018-04-28 13:15:00,47.0
2018-04-28 13:30:00,31.5
2018-04-28 13:45:00,23.3
2018-04-28 14:00:00,16.9
2018-04-28 14:15:00,15.7
2018-04-28 14:30:00,20.2
2018-04-28 14:45:00,19.4
2018-04-28 15:00:00,25.400002
2018-04-28 15:15:00,25.8
2018-04-28 15:30:00,22.599998
2018-04-28 15:45:00,14.5
2018-04-28 16:00:00,10.2
2018-04-28 16:15:00,6.7
2018-04-28 16:30:00,4.1000004
2018-04-28 16:45:00,3.6999998
2018-04-28 17:00:00,6.4
2018-04-28 17:15:00,8.2
2018-04-28 17:30:00,7.4
2018-04-28 17:45:00,12.4
2018-04-28 18:00:00,7.8999996
2018-04-28 18:15:00,8.8
2018-04-28 18:30:00,5.3
2018-04-28 18:45:00,10.4
2018-04-28 19:00:00,12.4
2018-04-28 19:15:00,11.2
2018-04-28 19:30:00,15.0
2018-04-28 19:45:00,18.6
2018-04-28 20:00:00,20.0
2018-04-28 20:15:00,17.6
2018-04-28 20:30:00,14.6
2018-04-28 20:45:00,22.7
2018-04-28 21:00:00,27.3
2018-04-28 21:15:00,28.8
2018-04-28 21:30:00,22.2
2018-04-28 21:45:00,27.1
2018-04-28 22:00:00,31.900002
2018-04-28 22:15:00,29.1
2018-04-28 22:30:00,26.6
2018-04-28 22:45:00,20.7
2018-04-28 23:00:00,26.8
2018-04-28 23:15:00,21.6
2018-04-28 23:30:00,19.6
2018-04-28 23:45:00,22.1
2018-04-29 00:00:00,21.5
2018-04-29 00:15:00,19.599998
2018-04-29 00:30:00,22.9
2018-04-29 00:45:00,26.9
2018-04-29 01:00:00,34.5
2018-04-29 01:15:00,48.800003
2018-04-29 01:30:00,56.9
2018-04-29 01:45:00,63.4
2018-04-29 02:00:00,66.6
2018-04-29 02:15:00,73.899994
2018-04-29 02:30:00,78.5
2018-04-29 02:45:00,82.1
2018-04-29 03:00:00,87.0
2018-04-29 03:15:00,90.4
2018-04-29 03:30:00,96.100006
2018-04-29 03:45:00,115.8
2018-04-29 04:00:00,126.100006
2018-04-29 04:15:00,134.6
2018-04-29 04:30:00,130.6
2018-04-29 04:45:00,122.899994
2018-04-29 05:00:00,128.5
2018-04-29 05:15:00,134.20001
2018-04-29 05:30:00,140.7
2018-04-29 05:45:00,136.1
2018-04-29 06:00:00,129.3
2018-04-29 06:15:00,128.0
2018-04-29 06:30:00,129.7
2018-04-29 06:45:00,125.8
2018-04-29 07:00:00,124.3
2018-04-29 07:15:00,126.899994
2018-04-29 07:30:00,119.399994
2018-04-29 07:45:00,121.399994
2018-04-29 08:00:00,128.2
2018-04-29 08:15:00,134.3
2018-04-29 08:30:00,136.1
2018-04-29 08:45:00,137.9
2018-04-29 09:00:00,142.6
2018-04-29 09:15:00,147.4
2018-04-29 09:30:00,146.29999
2018-04-29 09:45:00,150.8
2018-04-29 10:00:00,150.1
2018-04-29 10:15:00,143.1
2018-04-29 10:30:00,139.5
2018-04-29 10:45:00,136.9
2018-04-29 11:00:00,125.600006
2018-04-29 11:15:00,139.79999
2018-04-29 11:30:00,133.6
2018-04-29 11:45:00,133.7
2018-04-29 12:00:00,136.2
2018-04-29 12:15:00,130.9
2018-04-29 12:30:00,127.8
2018-04-29 12:45:00,125.100006
2018-04-29 13:00:00,113.600006
2018-04-29 13:15:00,100.5
2018-04-29 13:30:00,87.3
2018-04-29 13:45:00,74.7
2018-04-29 14:00:00,68.2
2018-04-29 14:15:00,64.0
2018-04-29 14:30:00,57.6
2018-04-29 14:45:00,54.800003
2018-04-29 15:00:00,61.6
2018-04-29 15:15:00,48.9
2018-04-29 15:30:00,65.399994
2018-04-29 15:45:00,95.5
2018-04-29 16:00:00,117.9
2018-04-29 16:15:00,106.7
2018-04-29 16:30:00,109.4
2018-04-29 16:45:00,115.2
2018-04-29 17:00:00,119.8
2018-04-29 17:15:00,117.899994
2018-04-29 17:30:00,116.0
2018-04-29 17:45:00,105.2
2018-04-29 18:00:00,110.9
2018-04-29 18:15:00,110.7
2018-04-29 18:30:00,106.8
2018-04-29 18:45:00,111.5
2018-04-29 19:00:00,119.4
2018-04-29 19:15:00,111.9
2018-04-29 19:30:00,108.2
2018-04-29 19:45:00,99.5
2018-04-29 20:00:00,101.7
2018-04-29 20:15:00,110.1
2018-04-29 20:30:00,102.5
2018-04-29 20:45:00,97.3
2018-04-29 21:00:00,91.0
2018-04-29 21:15:00,99.100006
2018-04-29 21:30:00,105.4
2018-04-29 21:45:00,102.8
2018-04-29 22:00:00,102.100006
2018-04-29 22:15:00,107.7
2018-04-29 22:30:00,111.6
2018-04-29 22:45:00,126.6
2018-04-29 23:00:00,125.3
2018-04-29 23:15:00,117.7
2018-04-29 23:30:00,128.1
2018-04-29 23:45:00,126.399994
2018-04-30 00:00:00,126.7
2018-04-30 00:15:00,126.7
2018-04-30 00:30:00,127.600006
2018-04-30 00:45:00,121.3
2018-04-30 01:00:00,115.3
2018-04-30 01:15:00,102.4
2018-04-30 01:30:00,108.8
2018-04-30 01:45:00,116.100006
2018-04-30 02:00:00,120.399994
2018-04-30 02:15:00,142.9
2018-04-30 02:30:00,151.20001
2018-04-30 02:45:00,145.5
2018-04-30 03:00:00,142.29999
2018-04-30 03:15:00,145.1
2018-04-30 03:30:00,154.8
2018-04-30 03:45:00,145.8
2018-04-30 04:00:00,143.3
2018-04-30 04:15:00,138.5
2018-04-30 04:30:00,127.7
2018-04-30 04:45:00,131.5
2018-04-30 05:00:00,137.1
2018-04-30 05:15:00,127.799995
2018-04-30 05:30:00,118.2
2018-04-30 05:45:00,126.0
2018-04-30 06:00:00,136.7
2018-04-30 06:15:00,149.6
2018-04-30 06:30:00,147.70001
2018-04-30 06:45:00,150.0
2018-04-30 07:00:00,137.0
2018-04-30 07:15:00,143.3
2018-04-30 07:30:00,147.3
2018-04-30 07:45:00,151.1
2018-04-30 08:00:00,140.7
2018-04-30 08:15:00,33.0
2018-04-30 08:30:00,85.2
2018-04-30 08:45:00,84.9
2018-04-30 09:00:00,99.2
2018-04-30 09:15:00,134.70001
2018-04-30 09:30:00,142.9
2018-04-30 09:45:00,116.8
2018-04-30 10:00:00,109.4
2018-04-30 10:15:00,105.399994
2018-04-30 10:30:00,92.600006
2018-04-30 10:45:00,106.5
2018-04-30 11:00:00,112.7
2018-04-30 11:15:00,124.4
2018-04-30 11:30:00,120.2
2018-04-30 11:45:00,113.6
2018-04-30 12:00:00,113.6
2018-04-30 12:15:00,114.9
2018-04-30 12:30:00,115.5
2018-04-30 12:45:00,117.3
2018-04-30 13:00:00,136.7
2018-04-30 13:15:00,153.7
2018-04-30 13:30:00,148.9
2018-04-30 13:45:00,149.20001
2018-04-30 14:00:00,125.700005
2018-04-30 14:15:00,130.5
2018-04-30 14:30:00,128.9
2018-04-30 14:45:00,132.0
2018-04-30 15:00:00,140.6
2018-04-30 15:15:00,155.6
2018-04-30 15:30:00,155.0
2018-04-30 15:45:00,146.70001
2018-04-30 16:00:00,146.9
2018-04-30 16:15:00,153.0
2018-04-30 16:30:00,150.70001
2018-04-30 16:45:00,157.0
2018-04-30 17:00:00,153.7
2018-04-30 17:15:00,150.70001
2018-04-30 17:30:00,149.4
2018-04-30 17:45:00,149.0
2018-04-30 18:00:00,146.9
2018-04-30 18:15:00,146.5
2018-04-30 18:30:00,139.7
2018-04-30 18:45:00,141.9
2018-04-30 19:00:00,146.0
2018-04-30 19:15:00,147.8
2018-04-30 19:30:00,150.8
2018-04-30 19:45:00,149.6
2018-04-30 20:00:00,144.5
2018-04-30 20:15:00,139.3
2018-04-30 20:30:00,136.9
2018-04-30 20:45:00,146.5
2018-04-30 21:00:00,146.70001
2018-04-30 21:15:00,143.3
2018-04-30 21:30:00,148.70001
2018-04-30 21:45:00,150.6
2018-04-30 22:00:00,150.5
2018-04-30 22:15:00,150.20001
2018-04-30 22:30:00,136.5
2018-04-30 22:45:00,148.4
2018-04-30 23:00:00,148.6
2018-04-30 23:15:00,150.20001
2018-04-30 23:30:00,146.4
2018-04-30 23:45:00,142.3
